{"temp":"absolute","bg":149,"tick":-8,"eventualBG":111,"snoozeBG":111,"predBGs":{"IOB":[149,141,134,127,122,117,112,109,106,104,103,102,101,101,101,101,101,101,102,102,102,103,103,104,105,105,106,106,106,107,107,108],"aCOB":[149,151,153,155,158,161,164,168,172,177,181,186,191,196,201,205,209,213,216,219,222,224,226,228,229,230,231,231,231,232,232,233]},"COB":26,"IOB":0.171,"reason":"COB: 26, Dev: -23, BGI: -4.32, ISF: 90, Target: 115; Eventual BG 111 < 115, 34m@-0.750 = -0.425 < req -0.08888888888888889-0.22499999999999998","duration":30,"rate":0.575}
