{
  "bg": 100, 
  "temp": "absolute", 
  "snoozeBG": 98, 
  "recieved": true, 
  "predBGs": {
    "IOB": [
      100, 
      99, 
      99, 
      99, 
      98, 
      98, 
      97, 
      97, 
      97, 
      97, 
      98, 
      98, 
      99, 
      99, 
      100, 
      101, 
      102, 
      103, 
      104, 
      105, 
      106, 
      107, 
      108, 
      109, 
      110, 
      111, 
      111, 
      112, 
      113, 
      113, 
      114, 
      115, 
      115, 
      115, 
      116
    ]
  }, 
  "rate": 0.525, 
  "reason": "COB: 0, Dev: -5, BGI: 0.22, ISF: 90, Target: 100; Eventual BG 98 < 100, 29m@-0.525 = -0.254 < req -0.044444444444444446-0.1875", 
  "COB": 0, 
  "eventualBG": 98, 
  "timestamp": "2017-02-19T07:25:25.956205", 
  "duration": 30, 
  "tick": "+0", 
  "IOB": -0.028
}