{
  "bg": 87, 
  "temp": "absolute", 
  "snoozeBG": 109, 
  "recieved": true, 
  "predBGs": {
    "IOB": [
      87, 
      86, 
      86, 
      86, 
      87, 
      87, 
      88, 
      89, 
      91, 
      92, 
      94, 
      96, 
      98, 
      100, 
      102, 
      104, 
      107, 
      109, 
      111, 
      113, 
      115, 
      117, 
      119, 
      121, 
      123, 
      124, 
      125, 
      127, 
      128, 
      128, 
      129, 
      130, 
      130, 
      131, 
      131, 
      131, 
      132
    ]
  }, 
  "rate": 0.775, 
  "reason": "COB: 0, Dev: 0, BGI: -0.52, ISF: 80, Target: 110; Eventual BG 109 < 110, 26m@-0.675 = -0.292 < req -0.025-0.24749999999999997", 
  "COB": 0, 
  "eventualBG": 109, 
  "timestamp": "2016-11-15T00:20:27.580097", 
  "duration": 30, 
  "tick": "+1", 
  "IOB": -0.269
}