{
  "requested": {
    "duration": 30, 
    "rate": 1.5, 
    "temp": "absolute"
  }, 
  "bg": 158, 
  "temp": "absolute", 
  "snoozeBG": 136, 
  "timestamp": "2016-06-04T21:31:52.444562", 
  "predBGs": {
    "COB": [
      158, 
      160, 
      161, 
      162, 
      163, 
      164, 
      165, 
      166, 
      167, 
      167, 
      167, 
      167, 
      167, 
      166, 
      166, 
      165, 
      164, 
      163, 
      161, 
      160, 
      158, 
      157, 
      156, 
      154, 
      153, 
      151, 
      149, 
      147, 
      145, 
      143, 
      142, 
      140, 
      139, 
      138, 
      137, 
      136
    ], 
    "aCOB": [
      158, 
      160, 
      162, 
      163, 
      165, 
      166, 
      167, 
      168, 
      169, 
      169, 
      169, 
      169, 
      169, 
      169, 
      168, 
      167, 
      166, 
      165, 
      163, 
      162, 
      160, 
      158, 
      157, 
      155, 
      153, 
      151, 
      149, 
      147, 
      145, 
      143, 
      141, 
      140, 
      139, 
      138, 
      137, 
      136
    ], 
    "IOB": [
      158, 
      159, 
      160, 
      159, 
      159, 
      158, 
      156, 
      154, 
      151, 
      147, 
      143, 
      138, 
      133, 
      127, 
      122, 
      117, 
      113, 
      108, 
      104, 
      100, 
      96, 
      93, 
      90, 
      87, 
      85, 
      82, 
      80, 
      78, 
      76, 
      75, 
      73, 
      72, 
      70, 
      69, 
      69, 
      68, 
      67
    ]
  }, 
  "rate": 2.25, 
  "reason": "COB: 28, Dev: 57, BGI: -7.57, ISF: 72.1, Target: 110; Eventual BG 136>=110, 30m@1.470 = 0.735 > req 0.3606102635228849+0.1U", 
  "eventualBG": 136, 
  "recieved": false, 
  "duration": 29, 
  "tick": "+2"
}