{
  "bg": 185, 
  "temp": "absolute", 
  "snoozeBG": 140, 
  "recieved": true, 
  "predBGs": {
    "COB": [
      185, 
      185, 
      184, 
      182, 
      180, 
      177, 
      174, 
      170, 
      166, 
      161, 
      156, 
      152, 
      147, 
      142, 
      138, 
      133, 
      129, 
      124, 
      120, 
      116, 
      113, 
      109, 
      106, 
      103, 
      101, 
      98, 
      96, 
      94, 
      92, 
      90, 
      89, 
      88, 
      87, 
      86, 
      85, 
      85, 
      84
    ], 
    "aCOB": [
      185, 
      188, 
      188, 
      186, 
      181, 
      177, 
      172, 
      168, 
      163, 
      159, 
      154, 
      149, 
      144, 
      140, 
      135, 
      131, 
      126, 
      122, 
      118, 
      114, 
      110, 
      107, 
      104, 
      101, 
      98, 
      95, 
      93, 
      91, 
      89, 
      88, 
      86, 
      85, 
      84, 
      83, 
      83, 
      82
    ], 
    "IOB": [
      185, 
      185, 
      184, 
      183, 
      182, 
      180, 
      178, 
      175, 
      172, 
      168, 
      164, 
      160, 
      155, 
      151, 
      146, 
      141, 
      137, 
      133, 
      129, 
      125, 
      121, 
      118, 
      114, 
      111, 
      109, 
      106, 
      104, 
      102, 
      100, 
      99, 
      97, 
      96, 
      95, 
      94, 
      93
    ]
  }, 
  "rate": 1.55, 
  "reason": "COB: 4, Dev: 27, BGI: -4.45, ISF: 74.8, Target: 111; Eventual BG 140>=111, 27m@1.150 = 0.517 > req 0.3877005347593583+0.1U", 
  "COB": 4, 
  "eventualBG": 140, 
  "timestamp": "2016-06-08T23:43:18.658637", 
  "duration": 30, 
  "tick": "+0", 
  "IOB": 0.965
}