{
  "bg": 95, 
  "temp": "absolute", 
  "snoozeBG": 97, 
  "recieved": true, 
  "predBGs": {
    "IOB": [
      95, 
      93, 
      91, 
      90, 
      88, 
      87, 
      87, 
      86, 
      86, 
      86, 
      87, 
      87, 
      88, 
      89, 
      89, 
      90, 
      91, 
      93, 
      94, 
      95, 
      96, 
      97, 
      98, 
      99, 
      100, 
      100, 
      101, 
      102, 
      102, 
      103, 
      103, 
      104, 
      104, 
      104, 
      104, 
      104, 
      105
    ]
  }, 
  "rate": 0.55, 
  "reason": "COB: 0, Dev: 0, BGI: -1.74, ISF: 57.1, Target: 99; Eventual BG 97<99, 26m@-0.700 = -0.303 < req -0.07005253940455342-0.2U", 
  "COB": 0, 
  "eventualBG": 97, 
  "timestamp": "2016-07-02T07:28:45.343303", 
  "duration": 30, 
  "tick": -2, 
  "IOB": -0.03
}