{
  "bg": 104, 
  "temp": "absolute", 
  "snoozeBG": 99, 
  "recieved": true, 
  "predBGs": {
    "IOB": [
      104, 
      106, 
      107, 
      108, 
      109, 
      110, 
      111, 
      111, 
      112, 
      112, 
      113, 
      113, 
      114, 
      114, 
      115, 
      116, 
      117, 
      118, 
      119, 
      120, 
      121, 
      121, 
      122, 
      123, 
      124, 
      125, 
      126, 
      127, 
      128, 
      129, 
      129, 
      130, 
      131, 
      132, 
      132, 
      132, 
      133
    ]
  }, 
  "rate": 0.925, 
  "reason": "COB: 0, Dev: -5, BGI: 2.3, ISF: 90, Target: 100; Eventual BG 99 < 100, 26m@-0.975 = -0.422 < req -0.022222222222222223-0.2925", 
  "COB": 0, 
  "eventualBG": 99, 
  "timestamp": "2016-12-27T00:37:50.790624", 
  "duration": 30, 
  "tick": "+3", 
  "IOB": 0.002
}