{
  "bg": 106, 
  "temp": "absolute", 
  "snoozeBG": 123, 
  "recieved": true, 
  "predBGs": {
    "IOB": [
      106, 
      106, 
      106, 
      106, 
      106, 
      106, 
      106, 
      106, 
      105, 
      105, 
      104, 
      103, 
      102, 
      101, 
      99, 
      98, 
      96, 
      94, 
      92, 
      90, 
      88, 
      86, 
      85, 
      83, 
      81, 
      80, 
      78, 
      77, 
      76, 
      75, 
      74, 
      73, 
      72, 
      71, 
      71, 
      71, 
      70
    ]
  }, 
  "rate": 1.175, 
  "reason": "COB: 0, Dev: 18, BGI: 0.61, ISF: 64, Target: 104; Eventual BG 123>=104, 28m@0.970 = 0.453 > req 0.296875+0.1U", 
  "COB": 0, 
  "eventualBG": 123, 
  "timestamp": "2016-07-01T10:48:57.413979", 
  "duration": 30, 
  "tick": "+0", 
  "IOB": 0.022
}