{
  "bg": 130, 
  "temp": "absolute", 
  "snoozeBG": 140, 
  "recieved": true, 
  "predBGs": {
    "IOB": [
      130, 
      130, 
      130, 
      130, 
      130, 
      130, 
      130, 
      130, 
      129, 
      129, 
      128, 
      127, 
      126, 
      124, 
      123, 
      121, 
      119, 
      117, 
      115, 
      113, 
      111, 
      109, 
      107, 
      106, 
      104, 
      102, 
      100, 
      99, 
      98, 
      96, 
      95, 
      94, 
      93, 
      93, 
      92, 
      92, 
      91
    ]
  }, 
  "rate": 0.85, 
  "reason": "COB: 0, Dev: 10, BGI: 0.67, ISF: 89.9, Target: 122; Eventual BG 140>=122, 29m@0.900 = 0.435 > req 0.20022246941045604+0.1U", 
  "COB": 0, 
  "eventualBG": 140, 
  "timestamp": "2016-07-03T09:32:31.831928", 
  "duration": 30, 
  "tick": "+0", 
  "IOB": 0.004
}