{
  "bg": 165, 
  "temp": "absolute", 
  "snoozeBG": 141, 
  "recieved": true, 
  "predBGs": {
    "COB": [
      165, 
      165, 
      164, 
      163, 
      162, 
      161, 
      160, 
      159, 
      157, 
      156, 
      154, 
      153, 
      151, 
      149, 
      146, 
      144, 
      141, 
      138, 
      135, 
      133, 
      130, 
      128, 
      126, 
      125, 
      123, 
      122, 
      121, 
      120, 
      119, 
      118, 
      117, 
      117, 
      116, 
      115, 
      115, 
      115, 
      114
    ], 
    "aCOB": [
      165, 
      167, 
      168, 
      168, 
      168, 
      168, 
      167, 
      165, 
      164, 
      161, 
      159, 
      156, 
      152, 
      149, 
      145, 
      142, 
      139, 
      136, 
      134, 
      131, 
      129, 
      127, 
      125, 
      124, 
      122, 
      121, 
      120, 
      119, 
      118, 
      117, 
      116, 
      115, 
      115, 
      114, 
      114, 
      113
    ], 
    "IOB": [
      165, 
      164, 
      164, 
      162, 
      161, 
      159, 
      157, 
      154, 
      152, 
      149, 
      146, 
      143, 
      139, 
      136, 
      132, 
      129, 
      126, 
      123, 
      121, 
      118, 
      116, 
      114, 
      112, 
      111, 
      109, 
      108, 
      107, 
      106, 
      105, 
      104, 
      103, 
      102, 
      102, 
      101, 
      101, 
      100
    ]
  }, 
  "rate": 1.175, 
  "reason": "COB: 11, Dev: 45, BGI: -7.57, ISF: 87, Target: 120; Eventual BG 141 >= 120, 29m@0.725 = 0.350 > req 0.2413793103448276+0.1U. Setting temp basal of 1.2U/hr", 
  "COB": 11, 
  "eventualBG": 141, 
  "timestamp": "2016-08-06T00:00:52.074376", 
  "duration": 30, 
  "tick": "+0", 
  "IOB": 0.796
}