{
  "bg": 137, 
  "temp": "absolute", 
  "snoozeBG": 114, 
  "recieved": true, 
  "predBGs": {
    "IOB": [
      137, 
      134, 
      131, 
      128, 
      125, 
      123, 
      120, 
      118, 
      116, 
      115, 
      114, 
      114, 
      114, 
      114, 
      114, 
      115, 
      115, 
      116, 
      116, 
      117, 
      118, 
      119, 
      120, 
      121, 
      122, 
      123, 
      124, 
      125, 
      125, 
      126, 
      127, 
      127, 
      128, 
      128, 
      128, 
      128, 
      129
    ]
  }, 
  "rate": 0.45, 
  "reason": "COB: 0, Dev: -16, BGI: -0.54, ISF: 90, Target: 115; Eventual BG 114 < 115, 23m@-0.500 = -0.192 < req -0.022222222222222223-0.15", 
  "COB": 0, 
  "eventualBG": 114, 
  "timestamp": "2016-09-08T04:18:44.381181", 
  "duration": 30, 
  "tick": -3, 
  "IOB": 0.077
}