{
  "requested": {
    "duration": 30, 
    "rate": 1.05, 
    "temp": "absolute"
  }, 
  "bg": 168, 
  "temp": "absolute", 
  "snoozeBG": 170, 
  "timestamp": "2016-06-23T03:09:40.516850", 
  "predBGs": {
    "IOB": [
      168, 
      169, 
      170, 
      170, 
      171, 
      171, 
      171, 
      170, 
      170, 
      169, 
      168, 
      167, 
      166, 
      165, 
      164, 
      163, 
      161, 
      159, 
      158, 
      156, 
      154, 
      153, 
      152, 
      151, 
      149, 
      148, 
      148, 
      147, 
      146, 
      145, 
      144, 
      144, 
      143, 
      143, 
      142, 
      142, 
      141
    ]
  }, 
  "rate": 1.425, 
  "reason": "COB: 0, Dev: 4, BGI: 0.29, ISF: 114.3, Target: 139; Eventual BG 170>=139, 25m@0.905 = 0.377 > req 0.27121609798775154+0.1U", 
  "COB": 0, 
  "eventualBG": 170, 
  "recieved": false, 
  "duration": 24, 
  "tick": "+1", 
  "IOB": 0.021
}