{
  "bg": 181, 
  "temp": "absolute", 
  "snoozeBG": 151, 
  "recieved": true, 
  "predBGs": {
    "IOB": [
      181, 
      184, 
      186, 
      187, 
      188, 
      189, 
      188, 
      188, 
      186, 
      184, 
      182, 
      179, 
      175, 
      171, 
      167, 
      163, 
      160, 
      156, 
      152, 
      149, 
      146, 
      143, 
      140, 
      137, 
      135, 
      133, 
      131, 
      129, 
      127, 
      126, 
      124, 
      123, 
      123, 
      122, 
      121
    ]
  }, 
  "rate": 0.925, 
  "reason": "COB: 0, Dev: 29, BGI: -1.82, ISF: 103.9, Target: 131; Eventual BG 151>=131, 11m@1.670 = 0.306 > req 0.19249278152069296+0.1U", 
  "COB": 0, 
  "eventualBG": 151, 
  "timestamp": "2016-06-24T02:39:12.148655", 
  "duration": 30, 
  "tick": "+3", 
  "IOB": 0.565
}