{
  "bg": 136, 
  "temp": "absolute", 
  "snoozeBG": 126, 
  "recieved": true, 
  "predBGs": {
    "IOB": [
      136, 
      132, 
      128, 
      124, 
      121, 
      119, 
      117, 
      116, 
      115, 
      115, 
      115, 
      115, 
      116, 
      116, 
      117, 
      118, 
      120, 
      121, 
      122, 
      124, 
      126, 
      127, 
      129, 
      130, 
      131, 
      132, 
      133, 
      134, 
      135, 
      136, 
      136, 
      137, 
      137, 
      138
    ]
  }, 
  "rate": 0.4, 
  "reason": "COB: 0, Dev: -8, BGI: -3.22, ISF: 97.6, Target: 127; Eventual BG 126 < 127, 21m@-0.450 = -0.158 < req -0.020491803278688527-0.135", 
  "COB": 0, 
  "eventualBG": 126, 
  "timestamp": "2016-08-14T03:02:26.463767", 
  "duration": 30, 
  "tick": -2, 
  "IOB": 0.021
}