{
  "bg": 135, 
  "temp": "absolute", 
  "snoozeBG": 109, 
  "recieved": true, 
  "predBGs": {
    "IOB": [
      135, 
      133, 
      130, 
      128, 
      125, 
      123, 
      121, 
      119, 
      117, 
      115, 
      114, 
      113, 
      112, 
      112, 
      112, 
      111, 
      111, 
      112, 
      112, 
      112, 
      113, 
      113, 
      114, 
      114, 
      115, 
      115, 
      116, 
      116, 
      117, 
      117, 
      118, 
      118, 
      118, 
      119
    ]
  }, 
  "rate": 0.45, 
  "reason": "COB: 0, Dev: -2, BGI: -2.12, ISF: 83, Target: 111; Eventual BG 109 < 111, 28m@-0.500 = -0.233 < req -0.04801920768307323-0.165", 
  "COB": 0, 
  "eventualBG": 109, 
  "timestamp": "2016-08-26T05:06:04.438303", 
  "duration": 30, 
  "tick": -1, 
  "IOB": 0.286
}