{
  "bg": 104, 
  "temp": "absolute", 
  "snoozeBG": 128, 
  "recieved": true, 
  "predBGs": {
    "IOB": [
      104, 
      107, 
      109, 
      112, 
      114, 
      117, 
      118, 
      120, 
      121, 
      122, 
      122, 
      122, 
      122, 
      121, 
      120, 
      119, 
      117, 
      116, 
      114, 
      112, 
      111, 
      109, 
      107, 
      105, 
      104, 
      102, 
      101, 
      99, 
      98, 
      97, 
      96, 
      95, 
      94, 
      93, 
      92
    ]
  }, 
  "rate": 1.05, 
  "reason": "COB: 0, Dev: 15, BGI: 0.47, ISF: 72.7, Target: 110; Eventual BG 128>=110, 30m@1.050 = 0.525 > req 0.24759284731774414+0.1U", 
  "COB": 0, 
  "eventualBG": 128, 
  "timestamp": "2016-06-20T04:52:53.438995", 
  "duration": 30, 
  "tick": "+3", 
  "IOB": -0.124
}