{
  "bg": 136, 
  "temp": "absolute", 
  "snoozeBG": 135, 
  "recieved": true, 
  "predBGs": {
    "IOB": [
      136, 
      138, 
      139, 
      141, 
      142, 
      143, 
      143, 
      144, 
      143, 
      143, 
      142, 
      141, 
      140, 
      138, 
      136, 
      135, 
      133, 
      131, 
      129, 
      127, 
      125, 
      123, 
      121, 
      120, 
      118, 
      117, 
      115, 
      114, 
      113, 
      112, 
      111, 
      110, 
      109, 
      109, 
      108
    ]
  }, 
  "rate": 1.0, 
  "reason": "COB: 0, Dev: 13, BGI: -0.23, ISF: 76.9, Target: 115; Eventual BG 135 >= 115, 26m@0.875 = 0.379 > req 0.2600780234070221+0.1U. Setting temp basal of 0.475U/hr", 
  "COB": 0, 
  "eventualBG": 135, 
  "timestamp": "2016-07-13T05:22:43.719599", 
  "duration": 30, 
  "tick": "+2", 
  "IOB": 0.177
}