{
  "bg": 95, 
  "temp": "absolute", 
  "snoozeBG": 98, 
  "recieved": true, 
  "predBGs": {
    "IOB": [
      95, 
      93, 
      92, 
      91, 
      90, 
      89, 
      89, 
      89, 
      89, 
      89, 
      90, 
      90, 
      91, 
      92, 
      93, 
      94, 
      96, 
      97, 
      98, 
      99, 
      101, 
      102, 
      103, 
      104, 
      105, 
      106, 
      106, 
      107, 
      108, 
      108, 
      109, 
      109, 
      109, 
      110
    ]
  }, 
  "rate": 0.55, 
  "reason": "COB: 0, Dev: -1, BGI: -1.47, ISF: 57.6, Target: 100; Eventual BG 98<100, 30m@-0.700 = -0.350 < req -0.06944444444444445-0.2U", 
  "COB": 0, 
  "eventualBG": 98, 
  "timestamp": "2016-07-02T07:34:33.998212", 
  "duration": 30, 
  "tick": "+0", 
  "IOB": -0.063
}