{
  "bg": 118, 
  "temp": "absolute", 
  "snoozeBG": 121, 
  "recieved": true, 
  "predBGs": {
    "IOB": [
      118, 
      119, 
      120, 
      121, 
      121, 
      122, 
      123, 
      123, 
      123, 
      123, 
      123, 
      122, 
      122, 
      121, 
      120, 
      119, 
      118, 
      117, 
      115, 
      114, 
      113, 
      112, 
      111, 
      110, 
      109, 
      108, 
      107, 
      106, 
      105, 
      105, 
      104, 
      104, 
      103, 
      103, 
      102
    ]
  }, 
  "rate": 0.75, 
  "reason": "COB: 0, Dev: 5, BGI: 0.11, ISF: 76.2, Target: 112; Eventual BG 121>=112, 28m@0.520 = 0.243 > req 0.11811023622047244+0.1U", 
  "COB": 0, 
  "eventualBG": 121, 
  "timestamp": "2016-06-20T08:06:44.768066", 
  "duration": 30, 
  "tick": "+1", 
  "IOB": 0.031
}