{
  "requested": {
    "duration": 30, 
    "rate": 1.1, 
    "temp": "absolute"
  }, 
  "bg": 164, 
  "temp": "absolute", 
  "snoozeBG": 137, 
  "timestamp": "2016-07-26T05:32:15.978681", 
  "predBGs": {
    "IOB": [
      164, 
      165, 
      166, 
      166, 
      166, 
      166, 
      165, 
      164, 
      162, 
      160, 
      158, 
      155, 
      152, 
      148, 
      145, 
      142, 
      138, 
      135, 
      132, 
      129, 
      126, 
      123, 
      120, 
      118, 
      116, 
      114, 
      112, 
      110, 
      109, 
      107, 
      106, 
      105, 
      104, 
      104, 
      103
    ]
  }, 
  "rate": 1.6, 
  "reason": "COB: 0, Dev: 21, BGI: -2.08, ISF: 78.4, Target: 114; Eventual BG 137 >= 114, 23m@1.100 = 0.422 > req 0.2933673469387755+0.1U. Setting temp basal of 1.1U/hr", 
  "COB": 0, 
  "eventualBG": 137, 
  "recieved": false, 
  "duration": 22, 
  "tick": "+4", 
  "IOB": 0.607
}