{
  "bg": 112, 
  "temp": "absolute", 
  "snoozeBG": 114, 
  "recieved": true, 
  "predBGs": {
    "IOB": [
      112, 
      111, 
      110, 
      109, 
      109, 
      108, 
      108, 
      107, 
      107, 
      107, 
      108, 
      108, 
      109, 
      110, 
      111, 
      112, 
      113, 
      114, 
      115, 
      116, 
      117, 
      118, 
      119, 
      120, 
      121, 
      122, 
      123, 
      124, 
      124, 
      125, 
      125, 
      126, 
      126, 
      127
    ]
  }, 
  "rate": 0.5, 
  "reason": "COB: 0, Dev: -7, BGI: 0.16, ISF: 65.6, Target: 117; Eventual BG 114<117, 25m@-0.700 = -0.292 < req -0.09146341463414635-0.2U", 
  "COB": 0, 
  "eventualBG": 114, 
  "timestamp": "2016-06-16T08:07:57.660679", 
  "duration": 30, 
  "tick": -1, 
  "IOB": -0.132
}