{
  "bg": 113, 
  "temp": "absolute", 
  "snoozeBG": 144, 
  "recieved": true, 
  "predBGs": {
    "COB": [
      113, 
      116, 
      119, 
      122, 
      126, 
      129, 
      133, 
      137, 
      140, 
      144, 
      148, 
      152, 
      155, 
      159, 
      162, 
      165, 
      167, 
      169, 
      171, 
      172, 
      173, 
      174, 
      175, 
      176, 
      177, 
      178, 
      178, 
      179, 
      180, 
      181, 
      181, 
      182, 
      183, 
      184, 
      184, 
      185, 
      186
    ], 
    "aCOB": [
      113, 
      116, 
      120, 
      123, 
      127, 
      131, 
      135, 
      139, 
      143, 
      147, 
      151, 
      155, 
      159, 
      162, 
      166, 
      169, 
      171, 
      173, 
      175, 
      176, 
      177, 
      178, 
      179, 
      180, 
      181, 
      181, 
      182, 
      183, 
      183, 
      184, 
      185, 
      185, 
      186, 
      186, 
      187, 
      187, 
      188
    ], 
    "IOB": [
      113, 
      115, 
      117, 
      119, 
      120, 
      121, 
      121, 
      121, 
      120, 
      118, 
      116, 
      114, 
      110, 
      107, 
      104, 
      101, 
      97, 
      93, 
      89, 
      85, 
      81, 
      77, 
      73, 
      70, 
      66, 
      63, 
      60, 
      57, 
      55, 
      53, 
      50, 
      49, 
      47, 
      45, 
      44, 
      43, 
      42
    ]
  }, 
  "rate": 2.1, 
  "reason": "COB: 37, Dev: 57, BGI: -6.58, ISF: 88.9, Target: 80; Eventual BG 186 >= 80, 27m@1.950 = 0.877 > req 0.7199100112485939+0.1U. Setting temp basal of 2.1U/hr", 
  "COB": 37, 
  "eventualBG": 186, 
  "timestamp": "2016-07-23T21:58:04.510335", 
  "duration": 30, 
  "tick": "+3", 
  "IOB": 0.479
}