{
  "requested": {
    "duration": 30, 
    "rate": 0.75, 
    "temp": "absolute"
  }, 
  "bg": 132, 
  "temp": "absolute", 
  "snoozeBG": 123, 
  "timestamp": "2016-06-13T05:37:38.688442", 
  "predBGs": {
    "IOB": [
      132, 
      132, 
      132, 
      132, 
      131, 
      131, 
      131, 
      130, 
      129, 
      128, 
      127, 
      126, 
      125, 
      123, 
      121, 
      120, 
      118, 
      116, 
      114, 
      112, 
      110, 
      108, 
      107, 
      105, 
      104, 
      102, 
      101, 
      100, 
      99, 
      98, 
      97, 
      96, 
      95, 
      95, 
      94, 
      94, 
      93
    ]
  }, 
  "rate": 1.3, 
  "reason": "COB: 0, Dev: 3, BGI: -0.52, ISF: 74.1, Target: 111; Eventual BG 123>=111, 28m@0.870 = 0.406 > req 0.16194331983805668+0.1U", 
  "COB": 0, 
  "eventualBG": 123, 
  "recieved": false, 
  "duration": 27, 
  "tick": "+0", 
  "IOB": 0.157
}