{
  "requested": {
    "duration": 30, 
    "rate": 1.7, 
    "temp": "absolute"
  }, 
  "bg": 106, 
  "temp": "absolute", 
  "snoozeBG": 172, 
  "timestamp": "2016-06-26T23:37:33.661951", 
  "predBGs": {
    "COB": [
      106, 
      112, 
      118, 
      125, 
      132, 
      140, 
      147, 
      155, 
      163, 
      172, 
      180, 
      188, 
      197, 
      206, 
      214, 
      223, 
      232, 
      240, 
      247, 
      254, 
      261, 
      267, 
      273, 
      279, 
      285, 
      290, 
      296, 
      301, 
      306, 
      311, 
      316, 
      321, 
      326, 
      331, 
      336, 
      340, 
      345
    ], 
    "aCOB": [
      106, 
      109, 
      113, 
      117, 
      122, 
      127, 
      133, 
      139, 
      145, 
      151, 
      157, 
      164, 
      171, 
      178, 
      185, 
      192, 
      199, 
      206, 
      212, 
      218, 
      223, 
      229, 
      234, 
      239, 
      244, 
      249, 
      253, 
      258, 
      263, 
      268, 
      273, 
      277, 
      282, 
      287, 
      291, 
      296, 
      301
    ], 
    "IOB": [
      106, 
      111, 
      116, 
      120, 
      124, 
      127, 
      130, 
      132, 
      133, 
      133, 
      133, 
      132, 
      131, 
      129, 
      129, 
      128, 
      127, 
      126, 
      124, 
      122, 
      121, 
      119, 
      117, 
      115, 
      113, 
      111, 
      109, 
      107, 
      106, 
      104, 
      103, 
      102, 
      101, 
      100, 
      99, 
      98, 
      97
    ]
  }, 
  "rate": 2.0, 
  "reason": "COB: 66, Dev: 76, BGI: -6.65, ISF: 93, Target: 124; Eventual BG 345>=124, 29m@1.350 = 0.653 > req 0.5161290322580645+0.1U", 
  "COB": 66, 
  "eventualBG": 345, 
  "recieved": false, 
  "duration": 28, 
  "tick": "+9", 
  "IOB": 0.183
}