{
  "bg": 93, 
  "temp": "absolute", 
  "snoozeBG": 116, 
  "recieved": true, 
  "predBGs": {
    "COB": [
      93, 
      94, 
      95, 
      96, 
      98, 
      100, 
      102, 
      104, 
      107, 
      110, 
      113, 
      116, 
      119, 
      122, 
      125, 
      127, 
      129, 
      130, 
      132, 
      133, 
      134, 
      136, 
      137, 
      138, 
      139, 
      140, 
      141, 
      143, 
      144, 
      145, 
      147, 
      148, 
      149, 
      151, 
      152, 
      154, 
      156
    ], 
    "aCOB": [
      93, 
      100, 
      107, 
      115, 
      122, 
      130, 
      137, 
      144, 
      151, 
      159, 
      166, 
      172, 
      179, 
      184, 
      190, 
      194, 
      198, 
      201, 
      204, 
      207, 
      209, 
      211, 
      212, 
      213, 
      214, 
      215, 
      215, 
      215, 
      215, 
      214, 
      213, 
      213, 
      212, 
      212, 
      211, 
      211, 
      210
    ], 
    "IOB": [
      93, 
      93, 
      94, 
      95, 
      95, 
      96, 
      97, 
      98, 
      99, 
      100, 
      101, 
      101, 
      102, 
      102, 
      102, 
      101, 
      100, 
      99, 
      98, 
      97, 
      96, 
      95, 
      94, 
      93, 
      91, 
      90, 
      89, 
      88, 
      87, 
      86, 
      86, 
      85, 
      84, 
      84, 
      83
    ]
  }, 
  "rate": 0.85, 
  "reason": "COB: 33, Dev: 19, BGI: -2.47, ISF: 72.7, Target: 115; Eventual BG 156>=115, 26m@0.920 = 0.399 > req 0.013755158184319119+0.1U", 
  "COB": 33, 
  "eventualBG": 156, 
  "timestamp": "2016-07-09T22:42:59.171414", 
  "duration": 30, 
  "tick": "+6", 
  "IOB": -0.05
}