{
  "bg": 195, 
  "temp": "absolute", 
  "snoozeBG": 135, 
  "recieved": true, 
  "predBGs": {
    "IOB": [
      195, 
      195, 
      193, 
      191, 
      189, 
      186, 
      183, 
      179, 
      175, 
      170, 
      165, 
      160, 
      154, 
      149, 
      143, 
      138, 
      132, 
      127, 
      123, 
      118, 
      114, 
      111, 
      108, 
      105, 
      103, 
      100, 
      98, 
      97, 
      95, 
      94, 
      92, 
      91, 
      90, 
      89, 
      89, 
      88
    ]
  }, 
  "rate": 0.8, 
  "reason": "COB: 0, Dev: 38, BGI: -6.25, ISF: 85.1, Target: 119; Eventual BG 135>=119, 28m@1.025 = 0.478 > req 0.18801410105757932+0.1U", 
  "COB": 0, 
  "eventualBG": 135, 
  "timestamp": "2016-06-07T00:54:10.564191", 
  "duration": 30, 
  "tick": "+0", 
  "IOB": 1.153
}