{
  "bg": 127, 
  "temp": "absolute", 
  "snoozeBG": 149, 
  "recieved": true, 
  "predBGs": {
    "IOB": [
      127, 
      131, 
      134, 
      138, 
      141, 
      143, 
      146, 
      147, 
      149, 
      149, 
      149, 
      149, 
      148, 
      147, 
      145, 
      143, 
      140, 
      138, 
      135, 
      132, 
      130, 
      127, 
      124, 
      122, 
      119, 
      117, 
      115, 
      113, 
      111, 
      109, 
      108, 
      106, 
      105, 
      104, 
      103, 
      103, 
      102
    ]
  }, 
  "rate": 1.1, 
  "reason": "COB: 0, Dev: 14, BGI: 1.74, ISF: 87, Target: 120; Eventual BG 149 >= 120, 25m@1.425 = 0.594 > req 0.3333333333333333+0.1U. Setting temp basal of 1.1U/hr", 
  "COB": 0, 
  "eventualBG": 149, 
  "timestamp": "2016-07-20T04:37:56.869572", 
  "duration": 30, 
  "tick": "+4", 
  "IOB": -0.094
}