{
  "bg": 149, 
  "temp": "absolute", 
  "snoozeBG": 111, 
  "recieved": true, 
  "predBGs": {
    "aCOB": [
      149, 
      151, 
      153, 
      155, 
      158, 
      161, 
      165, 
      169, 
      173, 
      178, 
      183, 
      187, 
      193, 
      197, 
      202, 
      206, 
      210, 
      214, 
      218, 
      221, 
      223, 
      226, 
      228, 
      230, 
      231, 
      232, 
      232, 
      233, 
      233, 
      233, 
      234
    ], 
    "IOB": [
      149, 
      141, 
      134, 
      127, 
      122, 
      117, 
      113, 
      110, 
      107, 
      105, 
      104, 
      103, 
      103, 
      102, 
      102, 
      103, 
      103, 
      103, 
      103, 
      104, 
      104, 
      105, 
      105, 
      106, 
      106, 
      107, 
      107, 
      108, 
      108, 
      108, 
      109
    ]
  }, 
  "rate": 0.0, 
  "reason": "COB: 26, Dev: -25, BGI: -4.14, ISF: 90, Target: 115; Eventual BG 111 < 115, 31m@-0.750 = -0.388 < req -0.08888888888888889-0.22499999999999998", 
  "COB": 26, 
  "eventualBG": 111, 
  "timestamp": "2016-09-11T19:57:47.043251", 
  "duration": 30, 
  "tick": -8, 
  "IOB": 0.145
}