{
  "bg": 167, 
  "temp": "absolute", 
  "snoozeBG": 142, 
  "recieved": true, 
  "predBGs": {
    "IOB": [
      167, 
      169, 
      170, 
      171, 
      171, 
      171, 
      171, 
      170, 
      169, 
      167, 
      165, 
      162, 
      159, 
      155, 
      151, 
      147, 
      143, 
      139, 
      134, 
      130, 
      126, 
      122, 
      119, 
      115, 
      112, 
      109, 
      107, 
      104, 
      102, 
      101, 
      99, 
      98, 
      97, 
      96, 
      95, 
      94
    ]
  }, 
  "rate": 1.6, 
  "reason": "COB: 0, Dev: 32, BGI: -3.26, ISF: 77.7, Target: 113; Eventual BG 142 >= 113, 28m@1.150 = 0.537 > req 0.3732303732303732+0.1U. Setting temp basal of 1.6U/hr", 
  "COB": 0, 
  "eventualBG": 142, 
  "timestamp": "2016-07-17T22:29:10.362191", 
  "duration": 30, 
  "tick": "+2", 
  "IOB": 0.732
}