{
  "bg": 123, 
  "temp": "absolute", 
  "snoozeBG": 131, 
  "recieved": true, 
  "predBGs": {
    "IOB": [
      123, 
      123, 
      123, 
      123, 
      123, 
      123, 
      123, 
      123, 
      123, 
      122, 
      122, 
      121, 
      121, 
      120, 
      119, 
      118, 
      117, 
      116, 
      115, 
      113, 
      112, 
      111, 
      110, 
      109, 
      107, 
      106, 
      105, 
      104, 
      103, 
      102, 
      101, 
      101, 
      100, 
      99, 
      99, 
      98
    ]
  }, 
  "rate": 1.5, 
  "reason": "COB: 0, Dev: 8, BGI: -1.41, ISF: 78.4, Target: 114; Eventual BG 131>=114, 27m@0.990 = 0.446 > req 0.21683673469387754+0.1U", 
  "COB": 0, 
  "eventualBG": 131, 
  "timestamp": "2016-06-14T03:02:55.467121", 
  "duration": 26, 
  "tick": "+0", 
  "IOB": 0.004
}