{
  "bg": 187, 
  "temp": "absolute", 
  "snoozeBG": 125, 
  "recieved": true, 
  "predBGs": {
    "COB": [
      187, 
      188, 
      189, 
      189, 
      189, 
      189, 
      188, 
      187, 
      185, 
      183, 
      180, 
      177, 
      173, 
      169, 
      165, 
      161, 
      157, 
      153, 
      149, 
      145, 
      141, 
      137, 
      134, 
      130, 
      127, 
      125, 
      122, 
      120, 
      118, 
      117, 
      115, 
      114, 
      114, 
      113, 
      113, 
      112
    ], 
    "aCOB": [
      187, 
      194, 
      199, 
      203, 
      205, 
      205, 
      203, 
      200, 
      196, 
      192, 
      188, 
      183, 
      178, 
      173, 
      168, 
      162, 
      157, 
      152, 
      147, 
      143, 
      138, 
      134, 
      130, 
      127, 
      124, 
      121, 
      118, 
      116, 
      115, 
      113, 
      112, 
      111, 
      110, 
      109, 
      109, 
      109, 
      108
    ], 
    "IOB": [
      187, 
      188, 
      188, 
      188, 
      188, 
      187, 
      186, 
      184, 
      181, 
      177, 
      173, 
      169, 
      164, 
      159, 
      153, 
      148, 
      143, 
      138, 
      133, 
      129, 
      124, 
      120, 
      116, 
      113, 
      110, 
      107, 
      104, 
      102, 
      100, 
      99, 
      98, 
      97, 
      96, 
      95, 
      95, 
      95, 
      94
    ]
  }, 
  "rate": 1.425, 
  "reason": "COB: 8, Dev: 17, BGI: -1.76, ISF: 69, Target: 107; Eventual BG 125 >= 107, 22m@1.000 = 0.367 > req 0.2608695652173913+0.1U. Setting temp basal of 1.45U/hr", 
  "COB": 8, 
  "eventualBG": 125, 
  "timestamp": "2016-07-26T22:31:44.303170", 
  "duration": 30, 
  "tick": "+1", 
  "IOB": 1.145
}