{
  "bg": 175, 
  "temp": "absolute", 
  "snoozeBG": 107, 
  "recieved": true, 
  "predBGs": {
    "IOB": [
      175, 
      169, 
      164, 
      158, 
      153, 
      148, 
      143, 
      138, 
      134, 
      130, 
      127, 
      124, 
      122, 
      120, 
      118, 
      117, 
      116, 
      116, 
      115, 
      115, 
      115, 
      115, 
      115, 
      115, 
      115, 
      115, 
      116, 
      116, 
      117, 
      117, 
      118, 
      119, 
      119, 
      119, 
      120, 
      120, 
      120, 
      121
    ]
  }, 
  "rate": 0.55, 
  "reason": "COB: 0, Dev: -9, BGI: -3.73, ISF: 86, Target: 108; Eventual BG 107 < 108, 29m@-0.600 = -0.290 < req -0.023337222870478413-0.1875", 
  "COB": 0, 
  "eventualBG": 107, 
  "timestamp": "2016-11-03T02:12:52.077761", 
  "duration": 30, 
  "tick": -6, 
  "IOB": 0.692
}