{
  "bg": 110, 
  "temp": "absolute", 
  "snoozeBG": 114, 
  "recieved": true, 
  "predBGs": {
    "IOB": [
      110, 
      108, 
      106, 
      105, 
      104, 
      103, 
      102, 
      102, 
      102, 
      103, 
      103, 
      104, 
      106, 
      107, 
      109, 
      110, 
      112, 
      113, 
      115, 
      116, 
      117, 
      119, 
      120, 
      121, 
      122, 
      123, 
      124, 
      125, 
      126, 
      126, 
      127, 
      127, 
      128, 
      128, 
      128, 
      129
    ]
  }, 
  "rate": 0.45, 
  "reason": "COB: 0, Dev: -13, BGI: 0.09, ISF: 90, Target: 115; Eventual BG 114 < 115, 23m@-0.500 = -0.192 < req -0.022222222222222223-0.15", 
  "COB": 0, 
  "eventualBG": 114, 
  "timestamp": "2016-09-21T06:30:26.544025", 
  "duration": 30, 
  "tick": -1, 
  "IOB": -0.193
}