{
  "bg": 146, 
  "temp": "absolute", 
  "snoozeBG": 116, 
  "recieved": true, 
  "predBGs": {
    "COB": [
      146, 
      146, 
      146, 
      146, 
      146, 
      146, 
      146, 
      145, 
      145, 
      144, 
      142, 
      141, 
      139, 
      137, 
      135, 
      133, 
      131, 
      129, 
      127, 
      125, 
      123, 
      122, 
      120, 
      119, 
      117, 
      116, 
      115, 
      114, 
      113, 
      112, 
      111, 
      111, 
      110
    ], 
    "aCOB": [
      146, 
      152, 
      156, 
      157, 
      156, 
      155, 
      153, 
      152, 
      150, 
      148, 
      146, 
      144, 
      141, 
      139, 
      136, 
      133, 
      130, 
      128, 
      125, 
      123, 
      121, 
      119, 
      117, 
      115, 
      113, 
      112, 
      111, 
      109, 
      109, 
      108, 
      107, 
      106, 
      106, 
      106, 
      106, 
      105
    ], 
    "IOB": [
      146, 
      146, 
      146, 
      145, 
      145, 
      145, 
      144, 
      143, 
      142, 
      140, 
      139, 
      136, 
      134, 
      131, 
      129, 
      126, 
      123, 
      121, 
      118, 
      116, 
      114, 
      111, 
      109, 
      108, 
      106, 
      105, 
      103, 
      102, 
      101, 
      100, 
      100, 
      99, 
      99, 
      98
    ]
  }, 
  "rate": 0.875, 
  "reason": "COB: 4, Dev: 9, BGI: -1.42, ISF: 74.8, Target: 115; Eventual BG 116 >= 115, 12m@0.900 = 0.180 > req 0.013368983957219251+0.1U. Setting temp basal of 0.85U/hr", 
  "COB": 4, 
  "eventualBG": 116, 
  "timestamp": "2016-07-12T23:00:28.806280", 
  "duration": 30, 
  "tick": "+0", 
  "IOB": 0.525
}