{
  "bg": 111, 
  "temp": "absolute", 
  "snoozeBG": 127, 
  "recieved": true, 
  "predBGs": {
    "IOB": [
      111, 
      114, 
      117, 
      120, 
      122, 
      124, 
      126, 
      127, 
      128, 
      129, 
      129, 
      129, 
      128, 
      127, 
      126, 
      124, 
      123, 
      121, 
      119, 
      118, 
      116, 
      114, 
      112, 
      111, 
      109, 
      108, 
      106, 
      105, 
      104, 
      103, 
      102, 
      101, 
      100, 
      100, 
      99, 
      99, 
      98
    ]
  }, 
  "rate": 1.05, 
  "reason": "COB: 0, Dev: 16, BGI: 0.71, ISF: 71.4, Target: 109; Eventual BG 127>=109, 29m@0.790 = 0.382 > req 0.25210084033613445+0.1U", 
  "COB": 0, 
  "eventualBG": 127, 
  "timestamp": "2016-06-20T05:02:37.587472", 
  "duration": 30, 
  "tick": "+4", 
  "IOB": -0.006
}