{
  "bg": 91, 
  "temp": "absolute", 
  "snoozeBG": 114, 
  "recieved": true, 
  "predBGs": {
    "COB": [
      91, 
      92, 
      93, 
      96, 
      98, 
      101, 
      104, 
      108, 
      111, 
      114, 
      117, 
      121, 
      124, 
      128, 
      131, 
      134, 
      138, 
      141, 
      144, 
      147, 
      149, 
      152, 
      154, 
      157, 
      159, 
      161, 
      163, 
      165, 
      167, 
      169, 
      171, 
      172, 
      174, 
      175, 
      177, 
      178, 
      180
    ], 
    "aCOB": [
      91, 
      96, 
      101, 
      106, 
      112, 
      118, 
      124, 
      130, 
      135, 
      141, 
      146, 
      151, 
      156, 
      160, 
      165, 
      169, 
      173, 
      177, 
      180, 
      183, 
      185, 
      187, 
      189, 
      191, 
      192, 
      193, 
      193, 
      194, 
      193, 
      193, 
      193, 
      192, 
      191, 
      191, 
      190
    ], 
    "IOB": [
      91, 
      91, 
      92, 
      93, 
      94, 
      95, 
      96, 
      97, 
      97, 
      97, 
      97, 
      96, 
      95, 
      93, 
      93, 
      92, 
      91, 
      90, 
      89, 
      88, 
      87, 
      86, 
      85, 
      85, 
      84, 
      83, 
      82, 
      81, 
      80, 
      79, 
      79, 
      78, 
      77, 
      77, 
      76
    ]
  }, 
  "rate": 0.925, 
  "reason": "COB: 30, Dev: 36, BGI: -5.03, ISF: 70.8, Target: 112; Eventual BG 180 >= 112, 30m@0.375 = 0.188 > req 0.02824858757062147+0.1U. Setting temp basal of 0.925U/hr", 
  "COB": 30, 
  "eventualBG": 180, 
  "timestamp": "2016-07-16T23:37:31.075747", 
  "duration": 30, 
  "tick": "+1", 
  "IOB": 0.214
}