{
  "bg": 150, 
  "temp": "absolute", 
  "snoozeBG": 109, 
  "recieved": true, 
  "predBGs": {
    "IOB": [
      150, 
      143, 
      137, 
      132, 
      127, 
      122, 
      118, 
      115, 
      112, 
      109, 
      107, 
      106, 
      105, 
      105, 
      105, 
      105, 
      106, 
      107, 
      108, 
      109, 
      110, 
      112, 
      113, 
      114, 
      115, 
      116, 
      117, 
      118, 
      119, 
      120, 
      121, 
      121, 
      122, 
      122, 
      122, 
      123
    ]
  }, 
  "rate": 0.55, 
  "reason": "COB: 0, Dev: -12, BGI: -4.73, ISF: 90, Target: 110; Eventual BG 109 < 110, 24m@-0.600 = -0.240 < req -0.022222222222222223-0.18", 
  "COB": 0, 
  "eventualBG": 109, 
  "timestamp": "2016-11-02T02:59:10.380743", 
  "duration": 30, 
  "tick": -4, 
  "IOB": 0.327
}