{
  "bg": 177, 
  "temp": "absolute", 
  "snoozeBG": 161, 
  "recieved": true, 
  "predBGs": {
    "IOB": [
      177, 
      177, 
      177, 
      176, 
      175, 
      174, 
      172, 
      170, 
      168, 
      166, 
      163, 
      160, 
      156, 
      152, 
      149, 
      145, 
      141, 
      138, 
      134, 
      131, 
      128, 
      124, 
      121, 
      119, 
      116, 
      114, 
      112, 
      110, 
      108, 
      106, 
      105, 
      103, 
      102, 
      101, 
      100, 
      99
    ]
  }, 
  "rate": 1.75, 
  "reason": "COB: 0, Dev: 32, BGI: -4.99, ISF: 75, Target: 115; Eventual BG 161 >= 115, 30m@1.450 = 0.725 > req 0.6133333333333333+0.1U. Setting temp basal of 1.75U/hr", 
  "COB": 0, 
  "eventualBG": 161, 
  "timestamp": "2016-07-17T06:55:32.063494", 
  "duration": 30, 
  "tick": "+8", 
  "IOB": 0.635
}