{
  "bg": 149, 
  "temp": "absolute", 
  "snoozeBG": 116, 
  "recieved": true, 
  "predBGs": {
    "IOB": [
      149, 
      145, 
      141, 
      137, 
      134, 
      131, 
      128, 
      126, 
      124, 
      123, 
      121, 
      120, 
      119, 
      119, 
      118, 
      118, 
      118, 
      118, 
      118, 
      118, 
      118, 
      119, 
      119, 
      119, 
      120, 
      120, 
      120, 
      121, 
      121, 
      121, 
      122, 
      122, 
      122, 
      122, 
      123
    ]
  }, 
  "rate": 0.45, 
  "reason": "COB: 0, Dev: -7, BGI: -3.17, ISF: 95, Target: 118; Eventual BG 116 < 118, 30m@-0.425 = -0.213 < req -0.042238648363252376-0.1575", 
  "COB": 0, 
  "eventualBG": 116, 
  "timestamp": "2016-09-28T02:54:07.073562", 
  "duration": 30, 
  "tick": -4, 
  "IOB": 0.277
}