{
  "bg": 120, 
  "temp": "absolute", 
  "snoozeBG": 163, 
  "recieved": true, 
  "predBGs": {
    "IOB": [
      120, 
      126, 
      131, 
      137, 
      142, 
      146, 
      150, 
      154, 
      157, 
      159, 
      161, 
      162, 
      163, 
      163, 
      163, 
      163, 
      162, 
      161, 
      160, 
      158, 
      157, 
      156, 
      154, 
      153, 
      152, 
      151, 
      149, 
      148, 
      147, 
      146, 
      145, 
      144, 
      144, 
      143, 
      142
    ]
  }, 
  "rate": 0.85, 
  "reason": "COB: 0, Dev: 17, BGI: 3.22, ISF: 111.1, Target: 136; Eventual BG 163>=136, 24m@0.940 = 0.376 > req 0.24302430243024303+0.1U", 
  "COB": 0, 
  "eventualBG": 163, 
  "timestamp": "2016-07-05T09:31:17.353785", 
  "duration": 30, 
  "tick": "+6", 
  "IOB": -0.324
}