{
  "bg": 107, 
  "temp": "absolute", 
  "snoozeBG": 78, 
  "recieved": true, 
  "predBGs": {
    "IOB": [
      107, 
      103, 
      99, 
      96, 
      92, 
      89, 
      87, 
      85, 
      83, 
      82, 
      82, 
      81, 
      82, 
      82, 
      83, 
      84, 
      84, 
      85, 
      86, 
      87, 
      88, 
      89, 
      90, 
      91, 
      92, 
      93, 
      94, 
      95, 
      95, 
      96, 
      97, 
      97, 
      98, 
      98, 
      98, 
      99
    ]
  }, 
  "rate": 0.5, 
  "reason": "COB: 0, Dev: -29, BGI: 0.32, ISF: 90, Target: 80; Eventual BG 78 < 80, 24m@-0.600 = -0.240 < req -0.044444444444444446-0.18", 
  "COB": 0, 
  "eventualBG": 78, 
  "timestamp": "2016-12-27T08:21:01.409995", 
  "duration": 30, 
  "tick": -4, 
  "IOB": 0.001
}