{
  "bg": 110, 
  "temp": "absolute", 
  "snoozeBG": 105, 
  "recieved": true, 
  "predBGs": {
    "IOB": [
      110, 
      111, 
      112, 
      113, 
      113, 
      114, 
      114, 
      114, 
      114, 
      113, 
      113, 
      112, 
      111, 
      110, 
      109, 
      107, 
      106, 
      104, 
      102, 
      101, 
      99, 
      98, 
      96, 
      95, 
      93, 
      92, 
      91, 
      90, 
      89, 
      88, 
      88, 
      87, 
      87, 
      86, 
      86, 
      86, 
      85
    ]
  }, 
  "rate": 0.65, 
  "reason": "COB: 0, Dev: 3, BGI: 0.58, ISF: 64, Target: 104; Eventual BG 105>=104, 27m@0.545 = 0.245 > req 0.015625+0.1U", 
  "COB": 0, 
  "eventualBG": 105, 
  "timestamp": "2016-07-01T10:54:00.892382", 
  "duration": 30, 
  "tick": "+1", 
  "IOB": 0.132
}