{
  "bg": 122, 
  "temp": "absolute", 
  "snoozeBG": 137, 
  "recieved": true, 
  "predBGs": {
    "COB": [
      122, 
      124, 
      126, 
      128, 
      130, 
      132, 
      134, 
      136, 
      138, 
      140, 
      141, 
      143, 
      144, 
      146, 
      147, 
      147, 
      148, 
      148, 
      147, 
      147, 
      146, 
      145, 
      144, 
      142, 
      141, 
      140, 
      138, 
      137, 
      136, 
      135, 
      134, 
      133, 
      133, 
      132, 
      132, 
      131
    ], 
    "aCOB": [
      122, 
      128, 
      134, 
      139, 
      143, 
      147, 
      151, 
      153, 
      155, 
      156, 
      157, 
      156, 
      155, 
      155, 
      153, 
      152, 
      151, 
      149, 
      148, 
      146, 
      144, 
      143, 
      141, 
      140, 
      138, 
      137, 
      136, 
      135, 
      134, 
      133, 
      132, 
      131, 
      130, 
      130, 
      129
    ], 
    "IOB": [
      122, 
      124, 
      125, 
      127, 
      128, 
      129, 
      130, 
      130, 
      130, 
      130, 
      130, 
      129, 
      128, 
      127, 
      126, 
      125, 
      123, 
      122, 
      120, 
      119, 
      117, 
      115, 
      114, 
      112, 
      111, 
      110, 
      109, 
      107, 
      106, 
      105, 
      104, 
      104, 
      103, 
      102, 
      102, 
      101
    ]
  }, 
  "rate": 1.425, 
  "reason": "COB: 12, Dev: 31, BGI: -2.94, ISF: 75.5, Target: 115; Eventual BG 137 >= 115, 29m@0.850 = 0.411 > req 0.2913907284768212+0.1U. Setting temp basal of 0.85U/hr", 
  "COB": 12, 
  "eventualBG": 137, 
  "timestamp": "2016-07-12T22:22:54.287534", 
  "duration": 30, 
  "tick": "+7", 
  "IOB": 0.215
}