{
  "bg": 94, 
  "temp": "absolute", 
  "snoozeBG": 109, 
  "recieved": true, 
  "predBGs": {
    "IOB": [
      94, 
      93, 
      93, 
      93, 
      93, 
      93, 
      94, 
      94, 
      95, 
      97, 
      98, 
      100, 
      102, 
      104, 
      106, 
      108, 
      110, 
      111, 
      113, 
      115, 
      117, 
      118, 
      120, 
      121, 
      122, 
      123, 
      125, 
      125, 
      126, 
      127, 
      128, 
      128, 
      129, 
      129, 
      130
    ]
  }, 
  "rate": 0.55, 
  "reason": "COB: 0, Dev: -15, BGI: 1.56, ISF: 89, Target: 110; Eventual BG 109 < 110, 26m@-0.600 = -0.260 < req -0.022446689113355782-0.18", 
  "COB": 0, 
  "eventualBG": 109, 
  "timestamp": "2016-10-24T02:02:40.206760", 
  "duration": 30, 
  "tick": "+2", 
  "IOB": -0.335
}