{
  "bg": 136, 
  "temp": "absolute", 
  "snoozeBG": 133, 
  "recieved": true, 
  "predBGs": {
    "IOB": [
      136, 
      138, 
      140, 
      142, 
      144, 
      145, 
      147, 
      148, 
      148, 
      148, 
      147, 
      146, 
      145, 
      143, 
      142, 
      140, 
      139, 
      137, 
      135, 
      134, 
      132, 
      131, 
      129, 
      128, 
      127, 
      126, 
      125, 
      124, 
      123, 
      122, 
      121, 
      121, 
      120, 
      120, 
      120, 
      119
    ]
  }, 
  "rate": 0.75, 
  "reason": "COB: 0, Dev: 8, BGI: 0.59, ISF: 97.6, Target: 127; Eventual BG 133>=127, 27m@0.555 = 0.250 > req 0.06147540983606558+0.1U. Setting neutral temp basal of 0.75U/hr", 
  "COB": 0, 
  "eventualBG": 133, 
  "timestamp": "2016-06-28T03:03:02.024701", 
  "duration": 30, 
  "tick": "+2", 
  "IOB": 0.111
}