{
  "bg": 140, 
  "temp": "absolute", 
  "snoozeBG": 140, 
  "recieved": true, 
  "predBGs": {
    "IOB": [
      140, 
      144, 
      147, 
      150, 
      152, 
      154, 
      155, 
      156, 
      156, 
      156, 
      155, 
      153, 
      151, 
      149, 
      147, 
      144, 
      142, 
      139, 
      136, 
      133, 
      131, 
      128, 
      126, 
      124, 
      122, 
      120, 
      118, 
      117, 
      115, 
      114, 
      113, 
      112, 
      111, 
      111, 
      110
    ]
  }, 
  "rate": 0.975, 
  "reason": "COB: 0, Dev: 16, BGI: 1.38, ISF: 86, Target: 119; Eventual BG 140 >= 119, 26m@0.875 = 0.379 > req 0.2441860465116279+0.1U. Setting temp basal of 0.975U/hr", 
  "COB": 0, 
  "eventualBG": 140, 
  "timestamp": "2016-07-30T04:30:00.637084", 
  "duration": 30, 
  "tick": "+4", 
  "IOB": 0.191
}