{
  "bg": 171, 
  "temp": "absolute", 
  "snoozeBG": 126, 
  "recieved": true, 
  "predBGs": {
    "COB": [
      171, 
      171, 
      170, 
      170, 
      168, 
      167, 
      165, 
      163, 
      161, 
      159, 
      157, 
      154, 
      152, 
      149, 
      147, 
      144, 
      142, 
      139, 
      137, 
      134, 
      132, 
      130, 
      128, 
      126, 
      124, 
      122, 
      121, 
      120, 
      119, 
      118, 
      117, 
      117, 
      116, 
      116, 
      115
    ], 
    "aCOB": [
      171, 
      176, 
      180, 
      182, 
      183, 
      183, 
      182, 
      179, 
      175, 
      170, 
      166, 
      162, 
      158, 
      154, 
      150, 
      146, 
      142, 
      139, 
      135, 
      132, 
      130, 
      127, 
      125, 
      123, 
      121, 
      119, 
      118, 
      117, 
      116, 
      115, 
      114, 
      114, 
      113, 
      113, 
      112
    ], 
    "IOB": [
      171, 
      171, 
      170, 
      169, 
      167, 
      165, 
      162, 
      159, 
      156, 
      152, 
      149, 
      145, 
      140, 
      136, 
      132, 
      129, 
      125, 
      121, 
      118, 
      115, 
      112, 
      110, 
      107, 
      105, 
      104, 
      102, 
      101, 
      100, 
      99, 
      98, 
      97, 
      96, 
      96, 
      95, 
      95, 
      95, 
      94
    ]
  }, 
  "rate": 1.125, 
  "reason": "COB: 9, Dev: 22, BGI: -3.7, ISF: 75.5, Target: 112; Eventual BG 126>=112, 25m@0.825 = 0.344 > req 0.18543046357615894+0.1U", 
  "COB": 9, 
  "eventualBG": 126, 
  "timestamp": "2016-06-08T23:04:07.668308", 
  "duration": 30, 
  "tick": "+0", 
  "IOB": 0.892
}