{
  "bg": 105, 
  "temp": "absolute", 
  "snoozeBG": 113, 
  "recieved": true, 
  "predBGs": {
    "IOB": [
      105, 
      103, 
      101, 
      99, 
      98, 
      97, 
      96, 
      96, 
      96, 
      97, 
      98, 
      99, 
      101, 
      103, 
      104, 
      106, 
      108, 
      110, 
      112, 
      114, 
      116, 
      118, 
      120, 
      121, 
      123, 
      124, 
      126, 
      127, 
      128, 
      129, 
      129, 
      130, 
      131, 
      131, 
      131, 
      132
    ]
  }, 
  "rate": 0.45, 
  "reason": "COB: 0, Dev: -16, BGI: 0.18, ISF: 90, Target: 115; Eventual BG 113 < 115, 28m@-0.550 = -0.257 < req -0.044444444444444446-0.165", 
  "COB": 0, 
  "eventualBG": 113, 
  "timestamp": "2016-09-21T03:30:36.178409", 
  "duration": 30, 
  "tick": "+0", 
  "IOB": -0.263
}