{
  "bg": 209, 
  "temp": "absolute", 
  "snoozeBG": 122, 
  "recieved": true, 
  "predBGs": {
    "IOB": [
      209, 
      198, 
      188, 
      178, 
      168, 
      159, 
      150, 
      142, 
      135, 
      129, 
      123, 
      118, 
      114, 
      111, 
      108, 
      106, 
      104, 
      103, 
      102, 
      102, 
      101, 
      101, 
      101, 
      102, 
      102, 
      102, 
      103, 
      104, 
      104, 
      105, 
      106, 
      106, 
      107, 
      107, 
      108, 
      108, 
      109
    ]
  }, 
  "rate": 0.675, 
  "reason": "COB: 0, Dev: 12, BGI: -7.13, ISF: 92, Target: 123; Eventual BG 122 < 123, 26m@-0.725 = -0.314 < req -0.021739130434782608-0.2U", 
  "COB": 0, 
  "eventualBG": 122, 
  "timestamp": "2016-07-20T23:13:24.177559", 
  "duration": 30, 
  "tick": -11, 
  "IOB": 1.078
}