{
  "bg": 163, 
  "temp": "absolute", 
  "snoozeBG": 119, 
  "recieved": true, 
  "predBGs": {
    "COB": [
      163, 
      163, 
      163, 
      163, 
      162, 
      162, 
      161, 
      160, 
      159, 
      157, 
      155, 
      153, 
      151, 
      148, 
      146, 
      143, 
      141, 
      138, 
      135, 
      133, 
      131, 
      128, 
      126, 
      124, 
      122, 
      120, 
      119, 
      117, 
      116, 
      115, 
      114, 
      114, 
      113, 
      113, 
      112
    ], 
    "aCOB": [
      163, 
      169, 
      173, 
      176, 
      176, 
      175, 
      173, 
      170, 
      167, 
      164, 
      160, 
      157, 
      153, 
      150, 
      146, 
      143, 
      140, 
      136, 
      133, 
      130, 
      128, 
      125, 
      123, 
      120, 
      118, 
      117, 
      115, 
      114, 
      113, 
      111, 
      111, 
      110, 
      109, 
      109, 
      109, 
      108
    ], 
    "IOB": [
      163, 
      163, 
      163, 
      162, 
      161, 
      161, 
      159, 
      157, 
      155, 
      153, 
      150, 
      146, 
      143, 
      139, 
      136, 
      132, 
      129, 
      126, 
      123, 
      120, 
      117, 
      114, 
      112, 
      110, 
      108, 
      106, 
      105, 
      103, 
      102, 
      101, 
      100, 
      99, 
      99, 
      98
    ]
  }, 
  "rate": 0.925, 
  "reason": "COB: 6, Dev: 14, BGI: -2.4, ISF: 76.2, Target: 112; Eventual BG 119>=112, 28m@0.510 = 0.238 > req 0.09186351706036745+0.1U", 
  "eventualBG": 119, 
  "timestamp": "2016-06-04T23:04:14.351647", 
  "duration": 30, 
  "tick": "+0"
}