{
  "bg": 105, 
  "temp": "absolute", 
  "snoozeBG": 101, 
  "recieved": true, 
  "predBGs": {
    "IOB": [
      105, 
      103, 
      100, 
      99, 
      97, 
      96, 
      95, 
      94, 
      94, 
      94, 
      95, 
      95, 
      96, 
      97, 
      99, 
      100, 
      102, 
      103, 
      105, 
      106, 
      108, 
      109, 
      111, 
      112, 
      113, 
      114, 
      115, 
      116, 
      117, 
      117, 
      118, 
      118, 
      119, 
      119, 
      120
    ]
  }, 
  "rate": 0.525, 
  "reason": "COB: 0, Dev: -9, BGI: -1.04, ISF: 95, Target: 102; Eventual BG 101 < 102, 22m@-0.575 = -0.211 < req -0.021119324181626188-0.1725", 
  "COB": 0, 
  "eventualBG": 101, 
  "timestamp": "2016-12-18T07:22:50.711993", 
  "duration": 30, 
  "tick": -2, 
  "IOB": -0.06
}