{
  "bg": 147, 
  "temp": "absolute", 
  "snoozeBG": 91, 
  "recieved": true, 
  "predBGs": {
    "IOB": [
      147, 
      142, 
      137, 
      132, 
      128, 
      123, 
      119, 
      115, 
      112, 
      108, 
      105, 
      103, 
      100, 
      99, 
      97, 
      96, 
      95, 
      94, 
      93, 
      93, 
      93, 
      93, 
      93, 
      93, 
      94, 
      94, 
      94, 
      95, 
      95, 
      96, 
      96, 
      96, 
      97
    ]
  }, 
  "rate": 0.4, 
  "reason": "COB: 0, Dev: -2, BGI: -4.38, ISF: 82, Target: 96; Eventual BG 91 < 96, 30m@-0.650 = -0.325 < req -0.12224938875305624-0.195", 
  "COB": 0, 
  "eventualBG": 91, 
  "timestamp": "2017-03-01T03:56:39.526904", 
  "duration": 30, 
  "tick": -5, 
  "IOB": 0.661
}