{
  "bg": 151, 
  "temp": "absolute", 
  "snoozeBG": 110, 
  "recieved": true, 
  "predBGs": {
    "IOB": [
      151, 
      145, 
      139, 
      134, 
      129, 
      125, 
      121, 
      118, 
      116, 
      114, 
      112, 
      111, 
      110, 
      110, 
      110, 
      110, 
      111, 
      111, 
      112, 
      113, 
      114, 
      115, 
      116, 
      117, 
      118, 
      119, 
      119, 
      120, 
      120, 
      121, 
      121, 
      122, 
      122, 
      122, 
      123
    ]
  }, 
  "rate": 0.45, 
  "reason": "COB: 0, Dev: -7, BGI: -5.23, ISF: 86, Target: 112; Eventual BG 110 < 112, 25m@-0.575 = -0.240 < req -0.046674445740956826-0.1725", 
  "COB": 0, 
  "eventualBG": 110, 
  "timestamp": "2016-09-15T02:54:57.341009", 
  "duration": 30, 
  "tick": -3, 
  "IOB": 0.393
}