{
  "bg": 140, 
  "temp": "absolute", 
  "snoozeBG": 122, 
  "recieved": true, 
  "predBGs": {
    "IOB": [
      140, 
      140, 
      140, 
      140, 
      139, 
      139, 
      138, 
      137, 
      136, 
      135, 
      134, 
      132, 
      130, 
      128, 
      126, 
      124, 
      122, 
      119, 
      117, 
      114, 
      112, 
      110, 
      108, 
      106, 
      104, 
      102, 
      101, 
      99, 
      98, 
      97, 
      96, 
      95, 
      94, 
      94, 
      93, 
      93, 
      92
    ]
  }, 
  "rate": 0.65, 
  "reason": "COB: 0, Dev: 5, BGI: -0.76, ISF: 72.7, Target: 115; Eventual BG 122>=115, 29m@0.860 = 0.416 > req 0.09628610729023383+0.1U", 
  "COB": 0, 
  "eventualBG": 122, 
  "timestamp": "2016-07-09T06:19:34.058259", 
  "duration": 30, 
  "tick": "+0", 
  "IOB": 0.314
}