{
  "bg": 92, 
  "temp": "absolute", 
  "snoozeBG": 97, 
  "recieved": true, 
  "predBGs": {
    "IOB": [
      92, 
      93, 
      93, 
      94, 
      95, 
      96, 
      97, 
      98, 
      99, 
      100, 
      101, 
      102, 
      103, 
      104, 
      105, 
      106, 
      107, 
      108, 
      109, 
      110, 
      111, 
      111, 
      112, 
      113, 
      113, 
      114, 
      114, 
      114, 
      115, 
      115, 
      115, 
      116, 
      116, 
      116, 
      117
    ]
  }, 
  "rate": 0.4, 
  "reason": "COB: 0, Dev: -9, BGI: 2.03, ISF: 90, Target: 100; Eventual BG 97 < 100, 27m@-0.525 = -0.236 < req -0.06666666666666667-0.1575", 
  "COB": 0, 
  "eventualBG": 97, 
  "timestamp": "2017-01-17T05:37:00.453711", 
  "duration": 30, 
  "tick": "+4", 
  "IOB": -0.15
}