{
  "bg": 179, 
  "temp": "absolute", 
  "snoozeBG": 169, 
  "recieved": true, 
  "predBGs": {
    "IOB": [
      179, 
      181, 
      182, 
      182, 
      182, 
      182, 
      181, 
      180, 
      178, 
      175, 
      172, 
      169, 
      165, 
      161, 
      156, 
      152, 
      148, 
      144, 
      140, 
      136, 
      132, 
      128, 
      125, 
      122, 
      119, 
      117, 
      114, 
      112, 
      110, 
      109, 
      107, 
      106, 
      105, 
      104, 
      104, 
      103
    ]
  }, 
  "rate": 0.7, 
  "reason": "COB: 0, Dev: 20, BGI: -1.45, ISF: 85.2, Target: 123; Eventual BG 131 >= 115, 30m@0.575 = 0.288 > req 0.09389671361502347+0.1U. Setting temp basal of 0.725U/hr", 
  "COB": 0, 
  "eventualBG": 131, 
  "timestamp": "2016-07-15T03:17:02.278301", 
  "duration": 30, 
  "tick": "+4", 
  "IOB": 0.793
}