{
  "bg": 111, 
  "temp": "absolute", 
  "snoozeBG": 118, 
  "recieved": true, 
  "predBGs": {
    "COB": [
      111, 
      112, 
      113, 
      113, 
      114, 
      115, 
      116, 
      116, 
      117, 
      118, 
      119, 
      119, 
      120, 
      121, 
      121, 
      122, 
      123, 
      124, 
      125, 
      126, 
      126, 
      127, 
      127, 
      128, 
      128, 
      127, 
      127, 
      126, 
      125, 
      125, 
      124, 
      124, 
      124, 
      123
    ], 
    "aCOB": [
      111, 
      115, 
      118, 
      122, 
      125, 
      127, 
      129, 
      131, 
      133, 
      134, 
      135, 
      136, 
      136, 
      136, 
      136, 
      135, 
      134, 
      133, 
      132, 
      131, 
      130, 
      129, 
      128, 
      127, 
      127, 
      126, 
      125, 
      124, 
      124, 
      123, 
      123, 
      122, 
      122, 
      122, 
      121
    ], 
    "IOB": [
      111, 
      111, 
      112, 
      111, 
      111, 
      110, 
      109, 
      108, 
      106, 
      104, 
      102, 
      99, 
      96, 
      93, 
      91, 
      89, 
      87, 
      85, 
      84, 
      83, 
      82, 
      81, 
      81, 
      80, 
      79, 
      78, 
      78, 
      77, 
      76, 
      76, 
      75, 
      75, 
      74, 
      74, 
      74, 
      74, 
      73
    ]
  }, 
  "rate": 0.975, 
  "reason": "COB: 19, Dev: 40, BGI: -5.61, ISF: 74.8, Target: 111; Eventual BG 123 >= 111, 29m@0.450 = 0.217 > req 0.09358288770053476+0.1U. Setting temp basal of 0.975U/hr", 
  "COB": 19, 
  "eventualBG": 123, 
  "timestamp": "2016-08-09T21:28:59.985410", 
  "duration": 30, 
  "tick": "+1", 
  "IOB": 0.715
}