{
  "bg": 135, 
  "temp": "absolute", 
  "snoozeBG": 135, 
  "recieved": true, 
  "predBGs": {
    "IOB": [
      135, 
      135, 
      135, 
      135, 
      135, 
      135, 
      135, 
      134, 
      133, 
      132, 
      131, 
      130, 
      129, 
      127, 
      126, 
      124, 
      122, 
      120, 
      118, 
      116, 
      114, 
      112, 
      110, 
      108, 
      107, 
      105, 
      104, 
      102, 
      101, 
      100, 
      99, 
      98, 
      97, 
      97, 
      96
    ]
  }, 
  "rate": 0.75, 
  "reason": "COB: 0, Dev: 6, BGI: 0.63, ISF: 89.9, Target: 122; Eventual BG 135>=122, 26m@0.850 = 0.368 > req 0.14460511679644047+0.1U", 
  "COB": 0, 
  "eventualBG": 135, 
  "timestamp": "2016-07-03T09:40:02.707064", 
  "duration": 30, 
  "tick": "+0", 
  "IOB": 0.064
}