{
  "bg": 166, 
  "temp": "absolute", 
  "snoozeBG": 123, 
  "recieved": true, 
  "predBGs": {
    "IOB": [
      166, 
      167, 
      167, 
      167, 
      167, 
      166, 
      164, 
      162, 
      160, 
      157, 
      153, 
      150, 
      145, 
      141, 
      137, 
      133, 
      129, 
      126, 
      122, 
      119, 
      116, 
      113, 
      111, 
      108, 
      106, 
      104, 
      103, 
      101, 
      100, 
      99, 
      98, 
      97, 
      97, 
      96, 
      96, 
      95
    ]
  }, 
  "rate": 0.8, 
  "reason": "COB: 0, Dev: 23, BGI: -2.88, ISF: 76.9, Target: 113; Eventual BG 123>=113, 20m@0.830 = 0.277 > req 0.13003901170351104+0.1U", 
  "COB": 0, 
  "eventualBG": 123, 
  "timestamp": "2016-07-02T03:45:33.580831", 
  "duration": 30, 
  "tick": "+1", 
  "IOB": 0.863
}