{
  "bg": 175, 
  "temp": "absolute", 
  "snoozeBG": 153, 
  "recieved": true, 
  "predBGs": {
    "IOB": [
      175, 
      175, 
      175, 
      174, 
      173, 
      172, 
      171, 
      170, 
      168, 
      166, 
      164, 
      162, 
      160, 
      157, 
      155, 
      152, 
      149, 
      146, 
      143, 
      140, 
      137, 
      135, 
      132, 
      130, 
      128, 
      127, 
      125, 
      124, 
      122, 
      121, 
      120, 
      119, 
      118, 
      118, 
      117, 
      117, 
      116
    ]
  }, 
  "rate": 0.55, 
  "reason": "COB: 0, Dev: 6, BGI: -0.94, ISF: 117.6, Target: 141; Eventual BG 153>=141, 23m@1.035 = 0.397 > req 0.10204081632653061+0.1U", 
  "COB": 0, 
  "eventualBG": 153, 
  "timestamp": "2016-06-11T02:54:06.137564", 
  "duration": 30, 
  "tick": "+0", 
  "IOB": 0.237
}