{
  "bg": 127, 
  "temp": "absolute", 
  "snoozeBG": 120, 
  "recieved": true, 
  "predBGs": {
    "COB": [
      127, 
      127, 
      127, 
      127, 
      127, 
      127, 
      127, 
      127, 
      127, 
      127, 
      127, 
      127, 
      127, 
      126, 
      126, 
      126, 
      125, 
      125, 
      125, 
      125, 
      124, 
      124, 
      124, 
      123, 
      123, 
      123, 
      123, 
      122, 
      122, 
      122, 
      121, 
      121, 
      121, 
      121, 
      120
    ], 
    "aCOB": [
      127, 
      133, 
      139, 
      143, 
      147, 
      150, 
      152, 
      153, 
      153, 
      152, 
      151, 
      149, 
      146, 
      144, 
      142, 
      140, 
      138, 
      136, 
      135, 
      133, 
      131, 
      130, 
      128, 
      127, 
      126, 
      124, 
      123, 
      122, 
      121, 
      120, 
      119, 
      119, 
      118, 
      118, 
      117, 
      117, 
      116
    ], 
    "IOB": [
      127, 
      127, 
      127, 
      126, 
      126, 
      125, 
      124, 
      123, 
      121, 
      120, 
      118, 
      116, 
      114, 
      112, 
      110, 
      108, 
      106, 
      104, 
      102, 
      100, 
      99, 
      97, 
      96, 
      94, 
      93, 
      92, 
      91, 
      90, 
      89, 
      88, 
      87, 
      86, 
      86, 
      85, 
      85, 
      84
    ]
  }, 
  "rate": 1.375, 
  "reason": "COB: 13, Dev: 17, BGI: -2.85, ISF: 65.6, Target: 105; Eventual BG 120>=105, 28m@0.780 = 0.364 > req 0.22865853658536586+0.1U", 
  "COB": 13, 
  "eventualBG": 120, 
  "timestamp": "2016-07-02T02:22:57.220167", 
  "duration": 30, 
  "tick": "+0", 
  "IOB": 0.412
}