{
  "bg": 170, 
  "temp": "absolute", 
  "snoozeBG": 108, 
  "recieved": true, 
  "predBGs": {
    "COB": [
      170, 
      170, 
      170, 
      169, 
      167, 
      166, 
      163, 
      161, 
      158, 
      154, 
      151, 
      148, 
      144, 
      140, 
      137, 
      133, 
      130, 
      127, 
      124, 
      121, 
      119, 
      116, 
      114, 
      113, 
      111, 
      110, 
      109, 
      108, 
      108, 
      108, 
      108, 
      108, 
      108, 
      109, 
      109, 
      110
    ], 
    "aCOB": [
      170, 
      179, 
      187, 
      194, 
      201, 
      206, 
      211, 
      215, 
      219, 
      222, 
      224, 
      226, 
      228, 
      229, 
      230, 
      230, 
      231, 
      231, 
      231, 
      231, 
      231, 
      231, 
      230, 
      230, 
      229, 
      229, 
      228, 
      228, 
      227, 
      226, 
      225, 
      225, 
      224, 
      224, 
      224, 
      223
    ], 
    "IOB": [
      170, 
      170, 
      169, 
      168, 
      167, 
      165, 
      162, 
      159, 
      155, 
      152, 
      148, 
      143, 
      139, 
      134, 
      130, 
      126, 
      122, 
      118, 
      114, 
      111, 
      107, 
      104, 
      102, 
      99, 
      97, 
      95, 
      94, 
      92, 
      91, 
      90, 
      89, 
      89, 
      88, 
      88, 
      88, 
      87
    ]
  }, 
  "rate": 0.7, 
  "reason": "COB: 34, Dev: 5, BGI: -0.79, ISF: 68.4, Target: 107; Eventual BG 110 >= 107, 28m@0.425 = 0.198 > req 0.014619883040935672+0.1U. Setting temp basal of 0.725U/hr", 
  "COB": 34, 
  "eventualBG": 110, 
  "timestamp": "2016-07-23T00:17:05.764057", 
  "duration": 30, 
  "tick": "+3", 
  "IOB": 1.066
}