{
  "bg": 152, 
  "temp": "absolute", 
  "snoozeBG": 128, 
  "recieved": true, 
  "predBGs": {
    "COB": [
      152, 
      153, 
      153, 
      152, 
      152, 
      151, 
      149, 
      148, 
      146, 
      144, 
      142, 
      140, 
      139, 
      137, 
      135, 
      133, 
      132, 
      130, 
      129, 
      128, 
      128, 
      128, 
      128, 
      128, 
      129, 
      130, 
      131, 
      132, 
      134, 
      136, 
      138, 
      140, 
      142, 
      145, 
      147, 
      149, 
      152
    ], 
    "aCOB": [
      152, 
      158, 
      164, 
      170, 
      174, 
      178, 
      182, 
      185, 
      188, 
      191, 
      193, 
      195, 
      197, 
      199, 
      200, 
      202, 
      203, 
      205, 
      207, 
      208, 
      210, 
      212, 
      214, 
      216, 
      218, 
      220, 
      223, 
      225, 
      228, 
      230, 
      233, 
      235, 
      237, 
      239, 
      241, 
      243, 
      245
    ], 
    "IOB": [
      152, 
      152, 
      152, 
      151, 
      149, 
      146, 
      143, 
      140, 
      136, 
      131, 
      126, 
      121, 
      116, 
      111, 
      105, 
      100, 
      95, 
      91, 
      86, 
      82, 
      78, 
      75, 
      72, 
      69, 
      67, 
      65, 
      63, 
      61, 
      60, 
      59, 
      58, 
      57, 
      57, 
      56
    ]
  }, 
  "rate": 1.0, 
  "reason": "COB: 42, Dev: 24, BGI: -3.32, ISF: 85.1, Target: 119; Eventual BG 152 >= 119, 29m@0.550 = 0.266 > req 0.10575793184488837+0.1U. Setting temp basal of 1U/hr", 
  "COB": 42, 
  "eventualBG": 152, 
  "timestamp": "2016-07-31T23:11:32.798250", 
  "duration": 30, 
  "tick": "+1", 
  "IOB": 1.147
}