{
  "bg": 160, 
  "temp": "absolute", 
  "snoozeBG": 128, 
  "recieved": true, 
  "predBGs": {
    "IOB": [
      160, 
      162, 
      163, 
      165, 
      165, 
      166, 
      166, 
      165, 
      163, 
      162, 
      159, 
      156, 
      153, 
      150, 
      146, 
      142, 
      138, 
      134, 
      130, 
      126, 
      122, 
      118, 
      115, 
      112, 
      109, 
      106, 
      104, 
      102, 
      100, 
      98, 
      96, 
      95, 
      94, 
      93, 
      93, 
      92
    ]
  }, 
  "rate": 0.875, 
  "reason": "COB: 0, Dev: 4, BGI: 1.27, ISF: 75, Target: 115; Eventual BG 128 >= 115, 26m@1.225 = 0.531 > req 0.17333333333333334+0.1U. Setting temp basal of 0.875U/hr", 
  "COB": 0, 
  "eventualBG": 128, 
  "timestamp": "2016-07-16T05:53:07.686409", 
  "duration": 30, 
  "tick": "+2", 
  "IOB": 0.483
}