{
  "bg": 102, 
  "temp": "absolute", 
  "snoozeBG": 104, 
  "recieved": true, 
  "predBGs": {
    "IOB": [
      102, 
      100, 
      99, 
      97, 
      96, 
      95, 
      95, 
      95, 
      95, 
      95, 
      95, 
      96, 
      97, 
      99, 
      100, 
      101, 
      103, 
      104, 
      106, 
      107, 
      109, 
      110, 
      111, 
      113, 
      114, 
      115, 
      116, 
      117, 
      118, 
      118, 
      119, 
      119, 
      120, 
      120, 
      121
    ]
  }, 
  "rate": 0.375, 
  "reason": "COB: 0, Dev: -10, BGI: -0.13, ISF: 84, Target: 107; Eventual BG 104 < 107, 28m@-0.525 = -0.245 < req -0.07134363852556481-0.1575", 
  "COB": 0, 
  "eventualBG": 104, 
  "timestamp": "2016-10-20T04:51:00.814689", 
  "duration": 30, 
  "tick": "+0", 
  "IOB": -0.142
}