{
  "bg": 107, 
  "temp": "absolute", 
  "snoozeBG": 99, 
  "recieved": true, 
  "predBGs": {
    "IOB": [
      107, 
      105, 
      103, 
      101, 
      99, 
      98, 
      96, 
      95, 
      95, 
      94, 
      94, 
      95, 
      95, 
      96, 
      97, 
      98, 
      99, 
      100, 
      101, 
      103, 
      104, 
      105, 
      107, 
      108, 
      109, 
      110, 
      111, 
      112, 
      113, 
      114, 
      114, 
      115, 
      115, 
      116
    ]
  }, 
  "rate": 0.45, 
  "reason": "COB: 0, Dev: -7, BGI: -1.03, ISF: 90, Target: 100; Eventual BG 99 < 100, 24m@-0.525 = -0.210 < req -0.022222222222222223-0.1575", 
  "COB": 0, 
  "eventualBG": 99, 
  "timestamp": "2017-01-08T06:30:34.638182", 
  "duration": 30, 
  "tick": -1, 
  "IOB": 0.013
}