{
  "bg": 149, 
  "temp": "absolute", 
  "snoozeBG": 119, 
  "recieved": true, 
  "predBGs": {
    "IOB": [
      149, 
      151, 
      152, 
      153, 
      153, 
      153, 
      152, 
      151, 
      149, 
      147, 
      144, 
      141, 
      138, 
      134, 
      131, 
      127, 
      123, 
      120, 
      116, 
      113, 
      110, 
      107, 
      104, 
      102, 
      99, 
      97, 
      95, 
      94, 
      92, 
      91, 
      90, 
      89, 
      88, 
      88, 
      87
    ]
  }, 
  "rate": 0.925, 
  "reason": "COB: 0, Dev: 14, BGI: -0.31, ISF: 68.4, Target: 107; Eventual BG 119>=107, 21m@1.160 = 0.406 > req 0.17543859649122806+0.1U", 
  "COB": 0, 
  "eventualBG": 119, 
  "timestamp": "2016-06-20T05:47:54.981860", 
  "duration": 30, 
  "tick": "+2", 
  "IOB": 0.643
}