{
  "bg": 144, 
  "temp": "absolute", 
  "snoozeBG": 105, 
  "recieved": true, 
  "predBGs": {
    "IOB": [
      144, 
      141, 
      138, 
      135, 
      132, 
      129, 
      127, 
      124, 
      121, 
      119, 
      116, 
      114, 
      112, 
      110, 
      109, 
      108, 
      107, 
      106, 
      105, 
      104, 
      104, 
      103, 
      103, 
      103, 
      102, 
      102, 
      102, 
      102, 
      103, 
      103, 
      103, 
      103, 
      104
    ]
  }, 
  "rate": 0.45, 
  "reason": "COB: 0, Dev: 6, BGI: -1.59, ISF: 74.1, Target: 111; Eventual BG 105 < 111, 30m@-0.800 = -0.400 < req -0.16194331983805668-0.2U", 
  "COB": 0, 
  "eventualBG": 105, 
  "timestamp": "2016-08-10T00:08:18.496139", 
  "duration": 30, 
  "tick": -3, 
  "IOB": 0.608
}