{
  "bg": 126, 
  "temp": "absolute", 
  "snoozeBG": 115, 
  "recieved": true, 
  "predBGs": {
    "IOB": [
      126, 
      128, 
      130, 
      131, 
      132, 
      133, 
      133, 
      133, 
      133, 
      132, 
      131, 
      130, 
      129, 
      127, 
      125, 
      123, 
      122, 
      120, 
      118, 
      116, 
      114, 
      112, 
      111, 
      109, 
      108, 
      107, 
      105, 
      104, 
      104, 
      103, 
      102, 
      102, 
      101, 
      101, 
      100
    ]
  }, 
  "rate": 0.675, 
  "reason": "COB: 0, Dev: 5, BGI: 1.18, ISF: 76.2, Target: 112; Eventual BG 115>=112, 18m@0.750 = 0.225 > req 0.03937007874015748+0.1U", 
  "COB": 0, 
  "eventualBG": 115, 
  "timestamp": "2016-06-14T07:40:19.774971", 
  "duration": 30, 
  "tick": "+2", 
  "IOB": 0.214
}