{
  "bg": 114, 
  "temp": "absolute", 
  "snoozeBG": 76, 
  "recieved": true, 
  "predBGs": {
    "IOB": [
      114, 
      109, 
      105, 
      100, 
      97, 
      93, 
      90, 
      88, 
      86, 
      84, 
      83, 
      82, 
      82, 
      82, 
      82, 
      82, 
      83, 
      83, 
      84, 
      85, 
      86, 
      87, 
      88, 
      89, 
      90, 
      91, 
      92, 
      92, 
      93, 
      94, 
      94, 
      95, 
      95, 
      96, 
      96, 
      96, 
      96, 
      97
    ]
  }, 
  "rate": 0.425, 
  "reason": "COB: 0, Dev: -12, BGI: -3.19, ISF: 90, Target: 80; Eventual BG 76 < 80, 28m@-0.600 = -0.280 < req -0.08888888888888889-0.18", 
  "COB": 0, 
  "eventualBG": 76, 
  "timestamp": "2016-10-30T03:15:56.939589", 
  "duration": 30, 
  "tick": -4, 
  "IOB": 0.292
}