{
  "bg": 87, 
  "temp": "absolute", 
  "snoozeBG": 108, 
  "recieved": true, 
  "predBGs": {
    "IOB": [
      87, 
      86, 
      85, 
      84, 
      84, 
      84, 
      84, 
      85, 
      86, 
      87, 
      89, 
      91, 
      94, 
      96, 
      99, 
      101, 
      104, 
      106, 
      109, 
      111, 
      113, 
      115, 
      117, 
      118, 
      120, 
      121, 
      123, 
      124, 
      125, 
      126, 
      127, 
      127, 
      128, 
      128, 
      129
    ]
  }, 
  "rate": 0.45, 
  "reason": "COB: 0, Dev: -19, BGI: 1.58, ISF: 90, Target: 110; Eventual BG 108 < 110, 28m@-0.550 = -0.257 < req -0.044444444444444446-0.165", 
  "COB": 0, 
  "eventualBG": 108, 
  "timestamp": "2016-10-16T02:52:50.446011", 
  "duration": 30, 
  "tick": "+0", 
  "IOB": -0.447
}