{
  "bg": 187, 
  "temp": "absolute", 
  "snoozeBG": 117, 
  "recieved": true, 
  "predBGs": {
    "COB": [
      187, 
      182, 
      176, 
      169, 
      163, 
      156, 
      149, 
      143, 
      136, 
      130, 
      123, 
      117, 
      111, 
      105, 
      99, 
      93, 
      88, 
      83, 
      78, 
      74, 
      70, 
      66, 
      63, 
      60, 
      57, 
      55, 
      53, 
      51, 
      49, 
      48, 
      47, 
      46, 
      45, 
      44, 
      44, 
      44, 
      43
    ], 
    "aCOB": [
      187, 
      181, 
      174, 
      168, 
      161, 
      154, 
      148, 
      141, 
      135, 
      128, 
      122, 
      115, 
      109, 
      103, 
      97, 
      92, 
      87, 
      82, 
      77, 
      72, 
      68, 
      65, 
      61, 
      58, 
      56, 
      53, 
      51, 
      49, 
      47, 
      46, 
      45, 
      44, 
      43, 
      43, 
      42
    ], 
    "IOB": [
      187, 
      187, 
      186, 
      185, 
      183, 
      181, 
      178, 
      174, 
      170, 
      165, 
      160, 
      154, 
      148, 
      142, 
      136, 
      131, 
      126, 
      121, 
      116, 
      112, 
      107, 
      104, 
      100, 
      97, 
      95, 
      92, 
      90, 
      88, 
      86, 
      85, 
      84, 
      83, 
      82, 
      82, 
      81
    ]
  }, 
  "rate": 1.625, 
  "reason": "COB: 1, Dev: 43, BGI: -6.48, ISF: 74.1, Target: 111; Eventual BG 117>=111, 20m@1.165 = 0.388 > req 0.08097165991902834+0.1U", 
  "COB": 1, 
  "eventualBG": 117, 
  "timestamp": "2016-06-09T00:00:45.438849", 
  "duration": 19, 
  "tick": "+1", 
  "IOB": 1.526
}