{
  "bg": 143, 
  "temp": "absolute", 
  "snoozeBG": 185, 
  "recieved": true, 
  "predBGs": {
    "IOB": [
      143, 
      148, 
      153, 
      158, 
      162, 
      165, 
      167, 
      168, 
      169, 
      169, 
      168, 
      167, 
      164, 
      161, 
      158, 
      155, 
      151, 
      147, 
      144, 
      140, 
      137, 
      134, 
      131, 
      128, 
      126, 
      123, 
      121, 
      119, 
      117, 
      115, 
      114, 
      112, 
      111, 
      110, 
      110, 
      109
    ]
  }, 
  "rate": 0.575, 
  "reason": "COB: 0, Dev: 38, BGI: -0.3, ISF: 98.8, Target: 128; Eventual BG 142>=128, 25m@0.910 = 0.379 > req 0.1417004048582996+0.1U", 
  "COB": 0, 
  "eventualBG": 142, 
  "timestamp": "2016-06-06T01:20:31.772071", 
  "duration": 30, 
  "tick": "+6", 
  "IOB": 0.396
}