{
  "bg": 107, 
  "temp": "absolute", 
  "snoozeBG": 109, 
  "recieved": true, 
  "predBGs": {
    "IOB": [
      107, 
      106, 
      106, 
      105, 
      105, 
      104, 
      104, 
      104, 
      105, 
      105, 
      105, 
      106, 
      107, 
      108, 
      109, 
      110, 
      111, 
      112, 
      114, 
      115, 
      116, 
      117, 
      118, 
      119, 
      120, 
      121, 
      122, 
      122, 
      123, 
      124, 
      124, 
      125, 
      125, 
      125, 
      125, 
      126
    ]
  }, 
  "rate": 0.4, 
  "reason": "COB: 0, Dev: -7, BGI: 0.4, ISF: 81, Target: 111; Eventual BG 109 < 111, 25m@-0.500 = -0.208 < req -0.04950495049504951-0.15", 
  "COB": 0, 
  "eventualBG": 109, 
  "timestamp": "2016-11-14T05:54:27.221645", 
  "duration": 30, 
  "tick": "+0", 
  "IOB": -0.112
}