{
  "bg": 111, 
  "temp": "absolute", 
  "snoozeBG": 128, 
  "recieved": true, 
  "predBGs": {
    "COB": [
      111, 
      115, 
      119, 
      122, 
      125, 
      129, 
      132, 
      134, 
      137, 
      139, 
      141, 
      142, 
      142, 
      143, 
      142, 
      142, 
      141, 
      139, 
      138, 
      136, 
      134, 
      132, 
      130, 
      128, 
      126, 
      124, 
      122, 
      121, 
      120, 
      118, 
      117, 
      116, 
      116, 
      115, 
      115, 
      114
    ], 
    "aCOB": [
      111, 
      120, 
      128, 
      134, 
      139, 
      143, 
      145, 
      146, 
      146, 
      146, 
      146, 
      146, 
      145, 
      144, 
      142, 
      141, 
      139, 
      137, 
      135, 
      133, 
      130, 
      128, 
      126, 
      124, 
      123, 
      121, 
      119, 
      118, 
      116, 
      115, 
      114, 
      113, 
      112, 
      112, 
      111
    ], 
    "IOB": [
      111, 
      115, 
      118, 
      121, 
      124, 
      127, 
      129, 
      131, 
      133, 
      134, 
      134, 
      134, 
      133, 
      132, 
      130, 
      129, 
      127, 
      125, 
      123, 
      121, 
      119, 
      116, 
      114, 
      112, 
      111, 
      109, 
      107, 
      106, 
      104, 
      103, 
      102, 
      101, 
      101, 
      100, 
      99
    ]
  }, 
  "rate": 1.425, 
  "reason": "COB: 8, Dev: 21, BGI: 0.47, ISF: 72.1, Target: 110; Eventual BG 128 >= 110, 26m@0.925 = 0.401 > req 0.24965325936199725+0.1U. Setting temp basal of 1.45U/hr", 
  "COB": 8, 
  "eventualBG": 128, 
  "timestamp": "2016-08-07T22:35:38.418837", 
  "duration": 30, 
  "tick": "+4", 
  "IOB": 0.049
}