{
  "bg": 173, 
  "temp": "absolute", 
  "snoozeBG": 130, 
  "recieved": true, 
  "predBGs": {
    "COB": [
      173, 
      174, 
      175, 
      175, 
      176, 
      176, 
      176, 
      176, 
      175, 
      174, 
      172, 
      171, 
      168, 
      166, 
      164, 
      161, 
      159, 
      156, 
      154, 
      151, 
      149, 
      147, 
      145, 
      143, 
      141, 
      139, 
      138, 
      137, 
      135, 
      134, 
      133, 
      132, 
      131, 
      131, 
      130
    ], 
    "aCOB": [
      173, 
      179, 
      184, 
      189, 
      193, 
      196, 
      197, 
      198, 
      198, 
      196, 
      194, 
      191, 
      186, 
      182, 
      177, 
      173, 
      168, 
      164, 
      160, 
      156, 
      152, 
      149, 
      146, 
      143, 
      140, 
      138, 
      136, 
      134, 
      133, 
      131, 
      130, 
      129, 
      129, 
      128, 
      128, 
      127
    ], 
    "IOB": [
      173, 
      174, 
      174, 
      174, 
      174, 
      173, 
      172, 
      170, 
      168, 
      165, 
      161, 
      157, 
      153, 
      148, 
      143, 
      139, 
      134, 
      130, 
      126, 
      122, 
      118, 
      115, 
      112, 
      109, 
      106, 
      104, 
      102, 
      100, 
      99, 
      97, 
      96, 
      95, 
      95, 
      94, 
      94, 
      93
    ]
  }, 
  "rate": 1.3, 
  "reason": "COB: 13, Dev: 25, BGI: -3.1, ISF: 75.5, Target: 112; Eventual BG 130>=112, 16m@1.325 = 0.353 > req 0.23841059602649006+0.1U", 
  "COB": 13, 
  "eventualBG": 130, 
  "timestamp": "2016-06-08T22:28:35.584719", 
  "duration": 30, 
  "tick": "+1", 
  "IOB": 0.965
}