{
  "bg": 99, 
  "temp": "absolute", 
  "snoozeBG": 109, 
  "recieved": true, 
  "predBGs": {
    "IOB": [
      99, 
      98, 
      98, 
      98, 
      98, 
      98, 
      98, 
      99, 
      100, 
      101, 
      102, 
      104, 
      105, 
      107, 
      109, 
      110, 
      112, 
      114, 
      115, 
      117, 
      118, 
      119, 
      120, 
      122, 
      123, 
      124, 
      124, 
      125, 
      126, 
      126, 
      127, 
      127, 
      128, 
      128, 
      128, 
      128, 
      129
    ]
  }, 
  "rate": 0.4, 
  "reason": "COB: 0, Dev: -12, BGI: 1.18, ISF: 82, Target: 111; Eventual BG 109 < 111, 25m@-0.500 = -0.208 < req -0.04901960784313726-0.15", 
  "COB": 0, 
  "eventualBG": 109, 
  "timestamp": "2016-11-14T04:20:44.452731", 
  "duration": 30, 
  "tick": "+2", 
  "IOB": -0.278
}