{
  "bg": 110, 
  "temp": "absolute", 
  "snoozeBG": 113, 
  "recieved": true, 
  "predBGs": {
    "IOB": [
      110, 
      108, 
      106, 
      104, 
      103, 
      102, 
      101, 
      101, 
      101, 
      101, 
      102, 
      103, 
      104, 
      106, 
      108, 
      109, 
      111, 
      113, 
      115, 
      116, 
      118, 
      120, 
      121, 
      123, 
      124, 
      126, 
      127, 
      128, 
      129, 
      129, 
      130, 
      131, 
      131, 
      131, 
      132
    ]
  }, 
  "rate": 0.4, 
  "reason": "COB: 0, Dev: -12, BGI: -0.36, ISF: 90, Target: 115; Eventual BG 113 < 115, 24m@-0.500 = -0.200 < req -0.044444444444444446-0.15", 
  "COB": 0, 
  "eventualBG": 113, 
  "timestamp": "2016-09-07T05:33:46.120337", 
  "duration": 30, 
  "tick": "+6", 
  "IOB": -0.171
}