{
  "bg": 107, 
  "temp": "absolute", 
  "snoozeBG": 126, 
  "recieved": true, 
  "predBGs": {
    "IOB": [
      107, 
      108, 
      109, 
      110, 
      112, 
      113, 
      114, 
      115, 
      116, 
      117, 
      117, 
      118, 
      118, 
      119, 
      119, 
      119, 
      118, 
      118, 
      117, 
      117, 
      116, 
      116, 
      115, 
      115, 
      114, 
      113, 
      113, 
      112, 
      111, 
      111, 
      110, 
      110, 
      109, 
      109, 
      109, 
      109, 
      108
    ]
  }, 
  "rate": 0.9, 
  "reason": "COB: 0, Dev: 0, BGI: 1.01, ISF: 75, Target: 115; Eventual BG 126 >= 115, 26m@0.575 = 0.249 > req 0.14666666666666667+0.1U. Setting temp basal of 0.9U/hr", 
  "COB": 0, 
  "eventualBG": 126, 
  "timestamp": "2016-07-16T03:15:58.847728", 
  "duration": 30, 
  "tick": "+1", 
  "IOB": -0.252
}