{
  "bg": 109, 
  "temp": "absolute", 
  "snoozeBG": 117, 
  "recieved": true, 
  "predBGs": {
    "IOB": [
      109, 
      111, 
      112, 
      113, 
      114, 
      115, 
      116, 
      117, 
      118, 
      118, 
      118, 
      118, 
      118, 
      118, 
      118, 
      117, 
      117, 
      116, 
      115, 
      114, 
      114, 
      113, 
      112, 
      111, 
      111, 
      110, 
      110, 
      109, 
      109, 
      108, 
      108, 
      107, 
      107, 
      107, 
      106
    ]
  }, 
  "rate": 0.75, 
  "reason": "COB: 0, Dev: 1, BGI: 1.43, ISF: 63.5, Target: 116; Eventual BG 117>=116, 30m@0.330 = 0.165 > req 0.015748031496062992+0.1U", 
  "COB": 0, 
  "eventualBG": 117, 
  "timestamp": "2016-06-16T07:09:40.796648", 
  "duration": 30, 
  "tick": "+3", 
  "IOB": -0.108
}