{
  "bg": 81, 
  "temp": "absolute", 
  "snoozeBG": 99, 
  "recieved": true, 
  "predBGs": {
    "IOB": [
      81, 
      79, 
      78, 
      78, 
      77, 
      77, 
      78, 
      78, 
      79, 
      81, 
      82, 
      84, 
      86, 
      88, 
      90, 
      93, 
      95, 
      97, 
      99, 
      101, 
      103, 
      105, 
      106, 
      108, 
      109, 
      110, 
      111, 
      112, 
      112, 
      113, 
      114, 
      114, 
      114, 
      115
    ]
  }, 
  "rate": 0.5, 
  "reason": "COB: 0, Dev: -15, BGI: 0.73, ISF: 91, Target: 100; Eventual BG 99 < 100, 22m@-0.550 = -0.202 < req -0.022002200220022-0.165", 
  "COB": 0, 
  "eventualBG": 99, 
  "timestamp": "2017-01-24T06:13:00.730158", 
  "duration": 30, 
  "tick": "+1", 
  "IOB": -0.371
}