{
  "bg": 179, 
  "temp": "absolute", 
  "snoozeBG": 146, 
  "recieved": true, 
  "predBGs": {
    "IOB": [
      179, 
      179, 
      179, 
      178, 
      178, 
      176, 
      175, 
      173, 
      171, 
      169, 
      167, 
      164, 
      162, 
      159, 
      156, 
      153, 
      150, 
      148, 
      145, 
      142, 
      140, 
      138, 
      136, 
      134, 
      132, 
      130, 
      129, 
      128, 
      127, 
      126, 
      125, 
      124, 
      124, 
      123, 
      123, 
      122
    ]
  }, 
  "rate": 1.1, 
  "reason": "COB: 0, Dev: 5, BGI: -0.9, ISF: 95.2, Target: 125; Eventual BG 146>=125, 29m@0.680 = 0.329 > req 0.22058823529411764+0.1U", 
  "COB": 0, 
  "eventualBG": 146, 
  "timestamp": "2016-06-25T06:57:54.992379", 
  "duration": 28, 
  "tick": "+0", 
  "IOB": 0.395
}