{
  "bg": 123, 
  "temp": "absolute", 
  "snoozeBG": 114, 
  "recieved": true, 
  "predBGs": {
    "IOB": [
      123, 
      121, 
      119, 
      118, 
      116, 
      114, 
      113, 
      112, 
      111, 
      110, 
      110, 
      110, 
      110, 
      111, 
      112, 
      112, 
      113, 
      114, 
      115, 
      116, 
      117, 
      119, 
      120, 
      121, 
      122, 
      123, 
      124, 
      125, 
      126, 
      126, 
      127, 
      128, 
      128, 
      129, 
      129, 
      129, 
      129, 
      130
    ]
  }, 
  "rate": 0.375, 
  "reason": "COB: 0, Dev: -12, BGI: 0.76, ISF: 89, Target: 116; Eventual BG 114 < 116, 28m@-0.475 = -0.222 < req -0.04499437570303712-0.1425", 
  "COB": 0, 
  "eventualBG": 114, 
  "timestamp": "2016-12-04T04:56:01.118428", 
  "duration": 30, 
  "tick": -2, 
  "IOB": -0.04
}