{
  "bg": 146, 
  "temp": "absolute", 
  "snoozeBG": 136, 
  "recieved": true, 
  "predBGs": {
    "IOB": [
      146, 
      147, 
      148, 
      149, 
      149, 
      150, 
      150, 
      150, 
      150, 
      150, 
      149, 
      148, 
      147, 
      146, 
      144, 
      143, 
      141, 
      139, 
      137, 
      136, 
      134, 
      132, 
      130, 
      129, 
      127, 
      126, 
      125, 
      124, 
      123, 
      122, 
      121, 
      120, 
      120, 
      120, 
      119
    ]
  }, 
  "rate": 0.75, 
  "reason": "COB: 0, Dev: 0, BGI: 1.08, ISF: 89.9, Target: 122; Eventual BG 136>=122, 24m@0.650 = 0.260 > req 0.1557285873192436+0.1U", 
  "COB": 0, 
  "eventualBG": 136, 
  "timestamp": "2016-06-26T08:09:57.659723", 
  "duration": 30, 
  "tick": "+1", 
  "IOB": 0.109
}