{
  "bg": 167, 
  "temp": "absolute", 
  "snoozeBG": 159, 
  "recieved": true, 
  "predBGs": {
    "IOB": [
      167, 
      169, 
      171, 
      172, 
      173, 
      174, 
      174, 
      174, 
      174, 
      173, 
      171, 
      169, 
      167, 
      164, 
      161, 
      158, 
      156, 
      153, 
      150, 
      147, 
      144, 
      141, 
      138, 
      136, 
      133, 
      131, 
      129, 
      127, 
      125, 
      123, 
      122, 
      121, 
      120, 
      119, 
      118
    ]
  }, 
  "rate": 0.65, 
  "reason": "COB: 0, Dev: 11, BGI: 0.12, ISF: 117.6, Target: 141; Eventual BG 159>=141, 25m@1.035 = 0.431 > req 0.15306122448979592+0.1U", 
  "COB": 0, 
  "eventualBG": 159, 
  "timestamp": "2016-06-11T02:05:47.846637", 
  "duration": 30, 
  "tick": "+2", 
  "IOB": 0.164
}