{
  "bg": 150, 
  "temp": "absolute", 
  "snoozeBG": 116, 
  "recieved": true, 
  "predBGs": {
    "IOB": [
      150, 
      147, 
      144, 
      141, 
      138, 
      135, 
      132, 
      130, 
      128, 
      126, 
      124, 
      123, 
      122, 
      121, 
      121, 
      121, 
      122, 
      122, 
      123, 
      124, 
      125, 
      126, 
      127, 
      128, 
      129, 
      130, 
      131, 
      132, 
      133, 
      134, 
      135, 
      136, 
      137, 
      137, 
      137, 
      138
    ]
  }, 
  "rate": 0.675, 
  "reason": "COB: 0, Dev: -7, BGI: -2.02, ISF: 93.8, Target: 117; Eventual BG 116 < 117, 25m@-0.725 = -0.302 < req -0.021321961620469083-0.2175", 
  "COB": 0, 
  "eventualBG": 116, 
  "timestamp": "2016-08-17T21:37:41.265305", 
  "duration": 30, 
  "tick": "+0", 
  "IOB": 0.289
}