{
  "bg": 143, 
  "temp": "absolute", 
  "snoozeBG": 156, 
  "recieved": true, 
  "predBGs": {
    "COB": [
      143, 
      145, 
      148, 
      150, 
      153, 
      156, 
      158, 
      160, 
      162, 
      164, 
      165, 
      165, 
      166, 
      166, 
      165, 
      165, 
      164, 
      163, 
      162, 
      160, 
      159, 
      158, 
      158, 
      157, 
      157, 
      156, 
      156, 
      157, 
      157, 
      158, 
      159, 
      160, 
      161, 
      162, 
      164, 
      166, 
      167
    ], 
    "aCOB": [
      143, 
      149, 
      156, 
      162, 
      168, 
      174, 
      180, 
      185, 
      189, 
      193, 
      197, 
      199, 
      202, 
      204, 
      205, 
      206, 
      206, 
      206, 
      206, 
      206, 
      205, 
      205, 
      204, 
      204, 
      203, 
      202, 
      202, 
      201, 
      201, 
      201, 
      200, 
      200, 
      199, 
      199, 
      199, 
      198
    ], 
    "IOB": [
      143, 
      145, 
      147, 
      148, 
      149, 
      150, 
      150, 
      149, 
      148, 
      146, 
      143, 
      139, 
      135, 
      130, 
      126, 
      120, 
      115, 
      110, 
      105, 
      100, 
      95, 
      90, 
      85, 
      81, 
      77, 
      73, 
      70, 
      67, 
      64, 
      61, 
      59, 
      57, 
      56, 
      54, 
      53, 
      52
    ]
  }, 
  "rate": 2.6, 
  "reason": "COB: 45, Dev: 35, BGI: -3.41, ISF: 65, Target: 105; Eventual BG 167 >= 105, 28m@1.900 = 0.887 > req 0.7846153846153846+0.1U. Setting temp basal of 2.6U/hr", 
  "COB": 45, 
  "eventualBG": 167, 
  "timestamp": "2016-08-06T22:57:53.966516", 
  "duration": 30, 
  "tick": "+6", 
  "IOB": 0.859
}