{
  "bg": 136, 
  "temp": "absolute", 
  "snoozeBG": 141, 
  "recieved": true, 
  "predBGs": {
    "IOB": [
      136, 
      138, 
      140, 
      142, 
      144, 
      146, 
      147, 
      148, 
      148, 
      148, 
      148, 
      147, 
      145, 
      144, 
      142, 
      140, 
      137, 
      135, 
      133, 
      130, 
      128, 
      126, 
      124, 
      122, 
      120, 
      118, 
      117, 
      115, 
      114, 
      112, 
      111, 
      110, 
      109, 
      109, 
      108, 
      107
    ]
  }, 
  "rate": 1.175, 
  "reason": "COB: 0, Dev: 10, BGI: 0.34, ISF: 86, Target: 119; Eventual BG 141>=119, 30m@0.900 = 0.450 > req 0.2558139534883721+0.1U", 
  "COB": 0, 
  "eventualBG": 141, 
  "timestamp": "2016-06-28T02:58:47.689919", 
  "duration": 30, 
  "tick": "+2", 
  "IOB": 0.055
}