{
  "bg": 96, 
  "temp": "absolute", 
  "snoozeBG": 100, 
  "recieved": true, 
  "predBGs": {
    "IOB": [
      96, 
      96, 
      96, 
      96, 
      96, 
      96, 
      96, 
      97, 
      98, 
      98, 
      99, 
      100, 
      101, 
      102, 
      104, 
      105, 
      106, 
      107, 
      108, 
      109, 
      110, 
      111, 
      112, 
      113, 
      114, 
      114, 
      115, 
      116, 
      116, 
      117, 
      117, 
      118, 
      118, 
      119, 
      119, 
      119, 
      119, 
      119, 
      120
    ]
  }, 
  "rate": 0.45, 
  "reason": "COB: 0, Dev: -8, BGI: 1.1, ISF: 92, Target: 101; Eventual BG 100 < 101, 27m@-0.525 = -0.236 < req -0.02178649237472767-0.1575", 
  "COB": 0, 
  "eventualBG": 100, 
  "timestamp": "2017-01-13T06:16:25.407741", 
  "duration": 30, 
  "tick": "+1", 
  "IOB": -0.129
}