{
  "bg": 213, 
  "temp": "absolute", 
  "snoozeBG": 155, 
  "recieved": true, 
  "predBGs": {
    "IOB": [
      213, 
      215, 
      217, 
      217, 
      217, 
      215, 
      212, 
      209, 
      204, 
      198, 
      192, 
      185, 
      177, 
      170, 
      163, 
      155, 
      148, 
      141, 
      135, 
      128, 
      122, 
      117, 
      111, 
      107, 
      102, 
      99, 
      95, 
      92, 
      90, 
      87, 
      86, 
      84, 
      83, 
      82, 
      81, 
      80, 
      79
    ]
  }, 
  "rate": 1.3, 
  "reason": "COB: 0, Dev: 44, BGI: -4.36, ISF: 79.2, Target: 114; Eventual BG 145>=114, 29m@1.490 = 0.720 > req 0.3914141414141414+0.1U", 
  "COB": 0, 
  "eventualBG": 145, 
  "timestamp": "2016-06-16T01:40:59.487208", 
  "duration": 30, 
  "tick": "+3", 
  "IOB": 1.413
}