{
  "bg": 103, 
  "temp": "absolute", 
  "snoozeBG": 130, 
  "recieved": true, 
  "predBGs": {
    "IOB": [
      103, 
      104, 
      105, 
      106, 
      107, 
      108, 
      109, 
      110, 
      111, 
      112, 
      113, 
      113, 
      113, 
      113, 
      113, 
      113, 
      112, 
      112, 
      111, 
      110, 
      109, 
      108, 
      108, 
      107, 
      106, 
      105, 
      104, 
      103, 
      103, 
      102, 
      101, 
      101, 
      100, 
      100, 
      100, 
      100, 
      99
    ]
  }, 
  "rate": 0.75, 
  "reason": "COB: 0, Dev: 15, BGI: 1.19, ISF: 85.1, Target: 119; Eventual BG 130>=119, 25m@0.655 = 0.273 > req 0.1292596944770858+0.1U", 
  "COB": 0, 
  "eventualBG": 130, 
  "timestamp": "2016-06-22T04:27:45.997054", 
  "duration": 30, 
  "tick": "+1", 
  "IOB": -0.154
}