{
  "bg": 166, 
  "temp": "absolute", 
  "snoozeBG": 141, 
  "recieved": true, 
  "predBGs": {
    "IOB": [
      166, 
      169, 
      171, 
      173, 
      174, 
      174, 
      174, 
      174, 
      172, 
      170, 
      167, 
      164, 
      160, 
      157, 
      152, 
      148, 
      144, 
      140, 
      136, 
      132, 
      128, 
      125, 
      121, 
      118, 
      115, 
      113, 
      110, 
      108, 
      106, 
      104, 
      103, 
      101, 
      100, 
      100, 
      99, 
      98
    ]
  }, 
  "rate": 1.05, 
  "reason": "COB: 0, Dev: 21, BGI: -0.58, ISF: 82.5, Target: 117; Eventual BG 141>=117, 22m@1.385 = 0.508 > req 0.2909090909090909+0.1U", 
  "COB": 0, 
  "eventualBG": 141, 
  "timestamp": "2016-06-10T01:39:24.624583", 
  "duration": 30, 
  "tick": "+3", 
  "IOB": 0.561
}