{
  "bg": 127, 
  "temp": "absolute", 
  "snoozeBG": 162, 
  "recieved": true, 
  "predBGs": {
    "IOB": [
      127, 
      132, 
      136, 
      141, 
      145, 
      148, 
      151, 
      154, 
      156, 
      158, 
      159, 
      160, 
      160, 
      159, 
      158, 
      157, 
      156, 
      154, 
      152, 
      150, 
      147, 
      145, 
      143, 
      141, 
      139, 
      137, 
      136, 
      134, 
      132, 
      131, 
      130, 
      128, 
      127, 
      127, 
      126, 
      125
    ]
  }, 
  "rate": 1.25, 
  "reason": "COB: 0, Dev: 17, BGI: 2.09, ISF: 93, Target: 124; Eventual BG 162 >= 124, 27m@1.200 = 0.540 > req 0.40860215053763443+0.1U. Setting temp basal of 1.25U/hr", 
  "COB": 0, 
  "eventualBG": 162, 
  "timestamp": "2016-07-20T06:58:27.741471", 
  "duration": 30, 
  "tick": "+5", 
  "IOB": -0.226
}