{
  "bg": 156, 
  "temp": "absolute", 
  "snoozeBG": 95, 
  "recieved": true, 
  "predBGs": {
    "IOB": [
      156, 
      146, 
      137, 
      129, 
      122, 
      115, 
      108, 
      103, 
      98, 
      94, 
      91, 
      89, 
      87, 
      86, 
      85, 
      85, 
      84, 
      84, 
      84, 
      85, 
      85, 
      85, 
      86, 
      86, 
      87, 
      87, 
      87, 
      88, 
      88, 
      89, 
      89, 
      90, 
      90, 
      90, 
      90, 
      91
    ]
  }, 
  "rate": 0.525, 
  "reason": "COB: 0, Dev: -14, BGI: -4.7, ISF: 82, Target: 96; Eventual BG 95 < 96, 26m@-0.575 = -0.249 < req -0.02444987775061125-0.1725. Setting neutral temp basal of 0.525U/hr", 
  "COB": 0, 
  "eventualBG": 95, 
  "timestamp": "2017-01-11T05:16:22.786617", 
  "duration": 30, 
  "tick": -10, 
  "IOB": 0.579
}