{
  "bg": 166, 
  "temp": "absolute", 
  "snoozeBG": 139, 
  "recieved": true, 
  "predBGs": {
    "aCOB": [
      166, 
      177, 
      186, 
      194, 
      201, 
      205, 
      208, 
      210, 
      209, 
      207, 
      205, 
      202, 
      198, 
      194, 
      190, 
      185, 
      180, 
      175, 
      170, 
      165, 
      161, 
      156, 
      152, 
      148, 
      144, 
      141, 
      137, 
      135, 
      132, 
      130, 
      128, 
      126, 
      125, 
      124, 
      123, 
      123, 
      122
    ], 
    "IOB": [
      166, 
      168, 
      170, 
      171, 
      172, 
      172, 
      172, 
      171, 
      170, 
      168, 
      165, 
      162, 
      158, 
      154, 
      150, 
      145, 
      141, 
      136, 
      131, 
      126, 
      121, 
      116, 
      112, 
      108, 
      105, 
      101, 
      98, 
      95, 
      93, 
      90, 
      88, 
      87, 
      85, 
      84, 
      84, 
      83
    ]
  }, 
  "rate": 1.425, 
  "reason": "COB: 9, Dev: 6, BGI: 3.17, ISF: 79.2, Target: 114; Eventual BG 139 >= 114, 20m@1.925 = 0.642 > req 0.31565656565656564+0.1U. Setting temp basal of 1.45U/hr", 
  "COB": 9, 
  "eventualBG": 139, 
  "timestamp": "2016-07-19T23:13:44.841324", 
  "duration": 30, 
  "tick": "+2", 
  "IOB": 0.415
}