{
  "bg": 118, 
  "temp": "absolute", 
  "snoozeBG": 118, 
  "recieved": true, 
  "predBGs": {
    "COB": [
      118, 
      120, 
      122, 
      125, 
      127, 
      129, 
      130, 
      132, 
      133, 
      133, 
      133, 
      133, 
      133, 
      132, 
      131, 
      130, 
      129, 
      128, 
      126, 
      125, 
      123, 
      122, 
      121, 
      119, 
      118, 
      117, 
      116, 
      115, 
      114, 
      113, 
      112, 
      112, 
      111, 
      111, 
      110
    ], 
    "aCOB": [
      118, 
      126, 
      133, 
      137, 
      139, 
      139, 
      140, 
      140, 
      140, 
      139, 
      138, 
      137, 
      136, 
      134, 
      133, 
      131, 
      129, 
      127, 
      125, 
      123, 
      121, 
      119, 
      118, 
      116, 
      115, 
      113, 
      112, 
      111, 
      110, 
      109, 
      108, 
      108, 
      107, 
      107, 
      106
    ], 
    "IOB": [
      118, 
      120, 
      122, 
      124, 
      126, 
      127, 
      129, 
      129, 
      130, 
      130, 
      129, 
      128, 
      127, 
      125, 
      124, 
      122, 
      120, 
      118, 
      116, 
      114, 
      112, 
      110, 
      109, 
      107, 
      106, 
      104, 
      103, 
      102, 
      101, 
      100, 
      99, 
      99, 
      98, 
      98, 
      97
    ]
  }, 
  "rate": 1.125, 
  "reason": "COB: 5, Dev: 9, BGI: 0.65, ISF: 72.1, Target: 110; Eventual BG 118 >= 110, 28m@0.550 = 0.257 > req 0.11095700416088766+0.1U. Setting temp basal of 1.15U/hr", 
  "COB": 5, 
  "eventualBG": 118, 
  "timestamp": "2016-08-07T22:52:12.242024", 
  "duration": 30, 
  "tick": "+6", 
  "IOB": 0.126
}