{
  "bg": 162, 
  "temp": "absolute", 
  "snoozeBG": 146, 
  "recieved": true, 
  "predBGs": {
    "IOB": [
      162, 
      166, 
      169, 
      172, 
      174, 
      176, 
      176, 
      176, 
      175, 
      173, 
      170, 
      167, 
      162, 
      158, 
      153, 
      148, 
      143, 
      139, 
      134, 
      130, 
      126, 
      122, 
      118, 
      115, 
      112, 
      109, 
      106, 
      104, 
      102, 
      100, 
      99, 
      97, 
      96, 
      95, 
      94, 
      94, 
      93
    ]
  }, 
  "rate": 1.35, 
  "reason": "COB: 0, Dev: 46, BGI: -3.03, ISF: 77.7, Target: 113; Eventual BG 146>=113, 27m@1.355 = 0.610 > req 0.4247104247104247+0.1U", 
  "COB": 0, 
  "eventualBG": 146, 
  "timestamp": "2016-07-02T03:33:45.806619", 
  "duration": 30, 
  "tick": "+5", 
  "IOB": 0.798
}