{
  "bg": 144, 
  "temp": "absolute", 
  "snoozeBG": 128, 
  "recieved": true, 
  "predBGs": {
    "IOB": [
      144, 
      146, 
      147, 
      148, 
      149, 
      149, 
      149, 
      148, 
      147, 
      145, 
      143, 
      140, 
      138, 
      135, 
      132, 
      128, 
      125, 
      122, 
      119, 
      116, 
      113, 
      110, 
      108, 
      106, 
      103, 
      101, 
      100, 
      98, 
      97, 
      95, 
      94, 
      93, 
      93, 
      92, 
      91
    ]
  }, 
  "rate": 1.175, 
  "reason": "COB: 0, Dev: 20, BGI: -1.27, ISF: 68.4, Target: 107; Eventual BG 128>=107, 24m@1.210 = 0.484 > req 0.3070175438596491+0.1U", 
  "COB": 0, 
  "eventualBG": 128, 
  "timestamp": "2016-06-17T01:17:32.442491", 
  "duration": 30, 
  "tick": "+3", 
  "IOB": 0.532
}