{
  "bg": 179, 
  "temp": "absolute", 
  "snoozeBG": 105, 
  "recieved": true, 
  "predBGs": {
    "IOB": [
      179, 
      176, 
      173, 
      169, 
      165, 
      161, 
      157, 
      153, 
      149, 
      145, 
      140, 
      137, 
      133, 
      129, 
      126, 
      123, 
      121, 
      118, 
      116, 
      114, 
      112, 
      111, 
      110, 
      109, 
      108, 
      107, 
      107, 
      107, 
      106, 
      106, 
      106, 
      106, 
      106, 
      106, 
      107
    ]
  }, 
  "rate": 0.425, 
  "reason": "COB: 0, Dev: -5, BGI: -2.04, ISF: 85, Target: 107; Eventual BG 105 < 107, 30m@-0.525 = -0.263 < req -0.04711425206124852-0.1575", 
  "COB": 0, 
  "eventualBG": 105, 
  "timestamp": "2016-11-04T04:10:40.743733", 
  "duration": 30, 
  "tick": -3, 
  "IOB": 0.815
}