{
  "bg": 184, 
  "temp": "absolute", 
  "snoozeBG": 145, 
  "recieved": true, 
  "predBGs": {
    "COB": [
      184, 
      186, 
      187, 
      187, 
      186, 
      184, 
      181, 
      178, 
      174, 
      170, 
      166, 
      162, 
      158, 
      153, 
      148, 
      144, 
      139, 
      135, 
      130, 
      126, 
      122, 
      118, 
      115, 
      111, 
      109, 
      106, 
      104, 
      102, 
      100, 
      99, 
      97, 
      96, 
      95, 
      95, 
      94, 
      94, 
      93
    ], 
    "aCOB": [
      184, 
      187, 
      186, 
      185, 
      183, 
      181, 
      178, 
      175, 
      172, 
      168, 
      164, 
      160, 
      155, 
      151, 
      146, 
      141, 
      137, 
      132, 
      128, 
      123, 
      119, 
      116, 
      112, 
      109, 
      106, 
      104, 
      101, 
      99, 
      98, 
      96, 
      95, 
      94, 
      93, 
      92, 
      92, 
      91
    ], 
    "IOB": [
      184, 
      187, 
      189, 
      191, 
      191, 
      191, 
      190, 
      189, 
      187, 
      184, 
      180, 
      176, 
      172, 
      167, 
      163, 
      158, 
      153, 
      149, 
      144, 
      140, 
      136, 
      132, 
      129, 
      126, 
      123, 
      120, 
      118, 
      116, 
      114, 
      113, 
      111, 
      110, 
      109, 
      109, 
      108, 
      108, 
      107
    ]
  }, 
  "rate": 1.05, 
  "reason": "COB: 2, Dev: 22, BGI: -0.71, ISF: 64.5, Target: 115; Eventual BG 145>=115, max_iob 1, 22m@1.320 = 0.484 > req 0.05400000000000005+0.1U", 
  "eventualBG": 145, 
  "timestamp": "2016-06-01T22:20:24.041008", 
  "duration": 30, 
  "tick": "+3"
}