{
  "bg": 118, 
  "temp": "absolute", 
  "snoozeBG": 106, 
  "recieved": true, 
  "predBGs": {
    "IOB": [
      118, 
      113, 
      109, 
      105, 
      101, 
      99, 
      96, 
      94, 
      92, 
      91, 
      91, 
      90, 
      90, 
      90, 
      90, 
      91, 
      92, 
      92, 
      93, 
      94, 
      95, 
      96, 
      96, 
      97, 
      98, 
      98, 
      99, 
      99, 
      99, 
      100, 
      100, 
      101, 
      101, 
      101, 
      101, 
      102
    ]
  }, 
  "rate": 0.425, 
  "reason": "COB: 0, Dev: 12, BGI: -3.85, ISF: 72.7, Target: 110; Eventual BG 106 < 110, 29m@-0.650 = -0.314 < req -0.11004126547455295-0.2U", 
  "COB": 0, 
  "eventualBG": 106, 
  "timestamp": "2016-07-27T00:06:27.145741", 
  "duration": 30, 
  "tick": -5, 
  "IOB": 0.331
}