{
  "bg": 113, 
  "temp": "absolute", 
  "snoozeBG": 105, 
  "recieved": true, 
  "predBGs": {
    "IOB": [
      113, 
      110, 
      108, 
      106, 
      104, 
      102, 
      101, 
      100, 
      100, 
      99, 
      99, 
      100, 
      100, 
      101, 
      102, 
      103, 
      104, 
      106, 
      107, 
      108, 
      110, 
      111, 
      112, 
      113, 
      114, 
      115, 
      116, 
      116, 
      117, 
      117, 
      118, 
      118, 
      119, 
      119, 
      119, 
      119, 
      119, 
      120
    ]
  }, 
  "rate": 0.425, 
  "reason": "COB: 0, Dev: -2, BGI: -2.31, ISF: 84, Target: 107; Eventual BG 105 < 107, 25m@-0.525 = -0.219 < req -0.04756242568370987-0.1575", 
  "COB": 0, 
  "eventualBG": 105, 
  "timestamp": "2016-10-19T05:05:59.953307", 
  "duration": 30, 
  "tick": -2, 
  "IOB": 0.069
}