{
  "bg": 149, 
  "temp": "absolute", 
  "snoozeBG": 83, 
  "recieved": true, 
  "predBGs": {
    "COB": [
      149, 
      150, 
      151, 
      151, 
      151, 
      150, 
      149, 
      147, 
      145, 
      142, 
      139, 
      135, 
      132, 
      128, 
      124, 
      120, 
      115, 
      111, 
      107, 
      103, 
      99, 
      96, 
      93, 
      90, 
      88, 
      86, 
      85, 
      84, 
      83, 
      83, 
      83, 
      84, 
      84, 
      86, 
      87, 
      88, 
      90
    ], 
    "aCOB": [
      149, 
      157, 
      164, 
      171, 
      177, 
      183, 
      187, 
      191, 
      195, 
      198, 
      200, 
      202, 
      203, 
      204, 
      204, 
      205, 
      205, 
      205, 
      205, 
      205, 
      205, 
      205, 
      205, 
      206, 
      206, 
      208, 
      209, 
      210, 
      212, 
      214, 
      217, 
      219, 
      222, 
      224, 
      227, 
      230, 
      233
    ], 
    "IOB": [
      149, 
      150, 
      150, 
      150, 
      148, 
      147, 
      144, 
      141, 
      136, 
      132, 
      126, 
      120, 
      113, 
      107, 
      100, 
      93, 
      86, 
      79, 
      72, 
      65, 
      59, 
      53, 
      47, 
      42, 
      39
    ]
  }, 
  "rate": 0.875, 
  "reason": "COB: 52, Dev: 11, BGI: -1.91, ISF: 85.1, Target: 80; Eventual BG 90 >= 80, 28m@1.825 = 0.852 > req 0.03525264394829612+0.1U. Setting temp basal of 0.875U/hr", 
  "COB": 52, 
  "eventualBG": 90, 
  "timestamp": "2016-07-31T22:51:26.044941", 
  "duration": 30, 
  "tick": "+0", 
  "IOB": 1.024
}