{
  "bg": 148, 
  "temp": "absolute", 
  "snoozeBG": 170, 
  "recieved": true, 
  "predBGs": {
    "IOB": [
      148, 
      153, 
      157, 
      160, 
      163, 
      166, 
      168, 
      169, 
      170, 
      170, 
      169, 
      167, 
      165, 
      162, 
      159, 
      155, 
      152, 
      148, 
      144, 
      140, 
      136, 
      132, 
      128, 
      125, 
      121, 
      118, 
      116, 
      113, 
      110, 
      108, 
      106, 
      104, 
      103, 
      101, 
      100, 
      99
    ]
  }, 
  "rate": 2.0, 
  "reason": "COB: 0, Dev: 31, BGI: -0.12, ISF: 76.9, Target: 113; Eventual BG 170 >= 113, 29m@1.825 = 0.882 > req 0.741222366710013+0.1U. Setting temp basal of 2U/hr", 
  "COB": 0, 
  "eventualBG": 170, 
  "timestamp": "2016-08-08T06:18:19.473336", 
  "duration": 30, 
  "tick": "+5", 
  "IOB": 0.121
}