{
  "bg": 169, 
  "temp": "absolute", 
  "snoozeBG": 135, 
  "recieved": true, 
  "predBGs": {
    "COB": [
      169, 
      170, 
      171, 
      171, 
      171, 
      171, 
      171, 
      170, 
      170, 
      169, 
      168, 
      166, 
      165, 
      164, 
      162, 
      160, 
      158, 
      156, 
      155, 
      153, 
      151, 
      149, 
      147, 
      146, 
      144, 
      143, 
      142, 
      140, 
      139, 
      138, 
      137, 
      136, 
      136, 
      135
    ], 
    "aCOB": [
      169, 
      175, 
      181, 
      185, 
      189, 
      191, 
      193, 
      193, 
      192, 
      191, 
      188, 
      185, 
      182, 
      178, 
      174, 
      171, 
      167, 
      163, 
      160, 
      157, 
      154, 
      151, 
      148, 
      146, 
      143, 
      141, 
      139, 
      138, 
      136, 
      135, 
      134, 
      133, 
      133, 
      132, 
      132, 
      132, 
      131
    ], 
    "IOB": [
      169, 
      170, 
      170, 
      170, 
      169, 
      168, 
      167, 
      165, 
      163, 
      160, 
      157, 
      154, 
      151, 
      147, 
      143, 
      140, 
      136, 
      133, 
      129, 
      126, 
      123, 
      120, 
      117, 
      115, 
      112, 
      110, 
      108, 
      107, 
      105, 
      104, 
      103, 
      102, 
      102, 
      101
    ]
  }, 
  "rate": 0.975, 
  "reason": "COB: 10, Dev: 22, BGI: -2.74, ISF: 89.9, Target: 122; Eventual BG 135 >= 122, 24m@0.750 = 0.300 > req 0.14460511679644047+0.1U. Setting temp basal of 0.975U/hr", 
  "COB": 10, 
  "eventualBG": 135, 
  "timestamp": "2016-07-20T21:24:39.225973", 
  "duration": 30, 
  "tick": "+1", 
  "IOB": 0.711
}