{
  "bg": 166, 
  "temp": "absolute", 
  "snoozeBG": 124, 
  "recieved": true, 
  "predBGs": {
    "IOB": [
      166, 
      167, 
      167, 
      168, 
      167, 
      167, 
      165, 
      164, 
      162, 
      159, 
      157, 
      154, 
      150, 
      147, 
      143, 
      139, 
      136, 
      132, 
      129, 
      125, 
      122, 
      119, 
      116, 
      113, 
      111, 
      109, 
      107, 
      105, 
      104, 
      102, 
      101, 
      100, 
      100, 
      99, 
      98
    ]
  }, 
  "rate": 0.8, 
  "reason": "COB: 0, Dev: 12, BGI: -1.05, ISF: 72.7, Target: 110; Eventual BG 124>=110, 30m@0.735 = 0.368 > req 0.19257221458046767+0.1U", 
  "COB": 0, 
  "eventualBG": 124, 
  "timestamp": "2016-06-13T06:12:37.539992", 
  "duration": 30, 
  "tick": "+1", 
  "IOB": 0.739
}