{
  "bg": 144, 
  "temp": "absolute", 
  "snoozeBG": 163, 
  "recieved": true, 
  "predBGs": {
    "IOB": [
      144, 
      147, 
      150, 
      153, 
      155, 
      156, 
      156, 
      156, 
      156, 
      154, 
      152, 
      149, 
      145, 
      141, 
      137, 
      132, 
      128, 
      123, 
      118, 
      114, 
      109, 
      105, 
      101, 
      98, 
      94, 
      91, 
      88, 
      85, 
      82, 
      80, 
      77, 
      75, 
      73, 
      72, 
      70, 
      69, 
      68
    ]
  }, 
  "rate": 0.4, 
  "reason": "COB: 0, Dev: 43, BGI: -3.1, ISF: 137.9, Target: 155; Eventual BG 163>=155, 29m@1.560 = 0.754 > req 0.0580130529369108+0.1U", 
  "COB": 0, 
  "eventualBG": 163, 
  "timestamp": "2016-06-11T00:21:44.060874", 
  "duration": 30, 
  "tick": "+4", 
  "IOB": 0.172
}