{
  "bg": 125, 
  "temp": "absolute", 
  "snoozeBG": 122, 
  "recieved": true, 
  "predBGs": {
    "IOB": [
      125, 
      126, 
      126, 
      126, 
      127, 
      127, 
      127, 
      127, 
      127, 
      127, 
      126, 
      126, 
      125, 
      125, 
      124, 
      123, 
      122, 
      122, 
      121, 
      120, 
      119, 
      119, 
      118, 
      117, 
      117, 
      116, 
      116, 
      115, 
      115, 
      114, 
      114, 
      114, 
      114, 
      114, 
      113
    ]
  }, 
  "rate": 0.65, 
  "reason": "COB: 0, Dev: 3, BGI: 0.08, ISF: 84.2, Target: 118; Eventual BG 122 >= 118, 26m@0.350 = 0.152 > req 0.047505938242280284+0.1U. Setting temp basal of 0.65U/hr", 
  "COB": 0, 
  "eventualBG": 122, 
  "timestamp": "2016-07-18T01:46:39.427349", 
  "duration": 30, 
  "tick": "+1", 
  "IOB": 0.074
}