{
  "bg": 167, 
  "temp": "absolute", 
  "snoozeBG": 116, 
  "recieved": true, 
  "predBGs": {
    "IOB": [
      167, 
      164, 
      161, 
      158, 
      155, 
      153, 
      150, 
      147, 
      144, 
      141, 
      138, 
      136, 
      133, 
      130, 
      128, 
      125, 
      123, 
      121, 
      119, 
      117, 
      115, 
      113, 
      111, 
      110, 
      108, 
      107, 
      106, 
      105, 
      104, 
      104, 
      103, 
      103, 
      102, 
      102, 
      102, 
      102, 
      101
    ]
  }, 
  "rate": 0.5, 
  "reason": "COB: 0, Dev: 0, BGI: -2.99, ISF: 77.7, Target: 115; Eventual BG 116>=115, 28m@0.340 = 0.159 > req 0.01287001287001287+0.1U", 
  "eventualBG": 116, 
  "timestamp": "2016-06-02T04:13:31.981885", 
  "duration": 30, 
  "tick": -3
}