{
  "bg": 129, 
  "temp": "absolute", 
  "snoozeBG": 161, 
  "recieved": true, 
  "predBGs": {
    "IOB": [
      129, 
      133, 
      137, 
      142, 
      146, 
      150, 
      154, 
      157, 
      160, 
      162, 
      163, 
      164, 
      165, 
      165, 
      164, 
      164, 
      163, 
      162, 
      160, 
      159, 
      157, 
      156, 
      154, 
      153, 
      151, 
      150, 
      149, 
      147, 
      146, 
      145, 
      144, 
      143, 
      143, 
      142, 
      142, 
      141
    ]
  }, 
  "rate": 0.65, 
  "reason": "COB: 0, Dev: 14, BGI: 2.06, ISF: 121.2, Target: 143; Eventual BG 161>=143, 28m@0.770 = 0.359 > req 0.1485148514851485+0.1U", 
  "COB": 0, 
  "eventualBG": 161, 
  "timestamp": "2016-06-26T05:37:11.255444", 
  "duration": 30, 
  "tick": "+7", 
  "IOB": -0.224
}