{
  "bg": 131, 
  "temp": "absolute", 
  "snoozeBG": 157, 
  "recieved": true, 
  "predBGs": {
    "COB": [
      131, 
      136, 
      141, 
      145, 
      150, 
      153, 
      157, 
      160, 
      162, 
      164, 
      166, 
      167, 
      167, 
      167, 
      167, 
      167, 
      166, 
      164, 
      163, 
      162, 
      160, 
      159, 
      158, 
      157, 
      157, 
      157, 
      157, 
      157, 
      158, 
      158, 
      160, 
      161, 
      163, 
      165, 
      167, 
      169, 
      172
    ], 
    "aCOB": [
      131, 
      141, 
      150, 
      159, 
      167, 
      175, 
      183, 
      190, 
      196, 
      202, 
      207, 
      211, 
      215, 
      219, 
      221, 
      224, 
      226, 
      227, 
      229, 
      230, 
      231, 
      232, 
      234, 
      235, 
      237, 
      238, 
      240, 
      242, 
      244, 
      247, 
      249, 
      252, 
      255, 
      258, 
      261, 
      265, 
      268
    ], 
    "IOB": [
      131, 
      136, 
      140, 
      143, 
      146, 
      147, 
      148, 
      149, 
      148, 
      146, 
      144, 
      140, 
      136, 
      132, 
      127, 
      121, 
      116, 
      110, 
      104, 
      98, 
      92, 
      87, 
      82, 
      76, 
      72, 
      67, 
      63, 
      59, 
      56, 
      53, 
      50, 
      47, 
      45, 
      43, 
      41, 
      40, 
      39
    ]
  }, 
  "rate": 2.525, 
  "reason": "COB: 60, Dev: 32, BGI: -0.3, ISF: 87, Target: 80; Eventual BG 172 >= 80, 30m@2.225 = 1.113 > req 0.8850574712643678+0.1U. Setting temp basal of 2.55U/hr", 
  "COB": 60, 
  "eventualBG": 172, 
  "timestamp": "2016-07-31T22:19:25.993797", 
  "duration": 30, 
  "tick": "+5", 
  "IOB": 0.309
}