{
  "bg": 169, 
  "temp": "absolute", 
  "snoozeBG": 96, 
  "recieved": true, 
  "predBGs": {
    "IOB": [
      169, 
      162, 
      155, 
      148, 
      142, 
      137, 
      131, 
      126, 
      122, 
      118, 
      115, 
      112, 
      110, 
      108, 
      106, 
      105, 
      104, 
      103, 
      103, 
      103, 
      103, 
      103, 
      103, 
      103, 
      104, 
      104, 
      105, 
      105, 
      106, 
      106, 
      106, 
      107, 
      107, 
      108
    ]
  }, 
  "rate": 0.625, 
  "reason": "COB: 0, Dev: -11, BGI: -5.38, ISF: 84, Target: 97; Eventual BG 96 < 97, 27m@-0.550 = -0.248 < req -0.023781212841854936-0.2025. Setting neutral temp basal of 0.625U/hr", 
  "COB": 0, 
  "eventualBG": 96, 
  "timestamp": "2017-01-22T02:50:15.891310", 
  "duration": 30, 
  "tick": -7, 
  "IOB": 0.733
}