{
  "requested": {
    "duration": 30, 
    "rate": 1.05, 
    "temp": "absolute"
  }, 
  "bg": 135, 
  "temp": "absolute", 
  "snoozeBG": 97, 
  "timestamp": "2016-12-21T23:55:03.631676", 
  "predBGs": {
    "aCOB": [
      135, 
      138, 
      139, 
      140, 
      140, 
      139, 
      138, 
      136, 
      133, 
      131, 
      130, 
      129, 
      129, 
      129, 
      130, 
      131, 
      132, 
      134, 
      136, 
      137, 
      139, 
      141, 
      143, 
      145, 
      147, 
      149, 
      150, 
      152, 
      153, 
      155, 
      156, 
      157, 
      158, 
      159, 
      159, 
      160
    ], 
    "IOB": [
      135, 
      129, 
      123, 
      118, 
      113, 
      109, 
      105, 
      102, 
      99, 
      97, 
      96, 
      95, 
      95, 
      95, 
      96, 
      97, 
      98, 
      100, 
      102, 
      103, 
      105, 
      107, 
      109, 
      111, 
      113, 
      115, 
      116, 
      118, 
      119, 
      121, 
      122, 
      123, 
      124, 
      124, 
      125, 
      126
    ]
  }, 
  "rate": 0.0, 
  "reason": "COB: 5, Dev: -2, BGI: -5.77, ISF: 87, Target: 99; Eventual BG 97 < 99, 27m@-1.150 = -0.517 < req -0.04576659038901602-0.345", 
  "COB": 5, 
  "eventualBG": 97, 
  "recieved": false, 
  "duration": 25, 
  "tick": -4, 
  "IOB": 0.408
}