{
  "bg": 112, 
  "temp": "absolute", 
  "snoozeBG": 137, 
  "recieved": true, 
  "predBGs": {
    "COB": [
      112, 
      115, 
      118, 
      121, 
      124, 
      127, 
      129, 
      132, 
      135, 
      137, 
      140, 
      142, 
      144, 
      146, 
      148, 
      149, 
      151, 
      152, 
      153, 
      154, 
      155, 
      156, 
      157, 
      159, 
      160, 
      161, 
      162, 
      163, 
      165, 
      166, 
      167, 
      168, 
      170, 
      171, 
      173, 
      174, 
      175
    ], 
    "aCOB": [
      112, 
      119, 
      126, 
      133, 
      139, 
      145, 
      151, 
      156, 
      162, 
      166, 
      171, 
      175, 
      179, 
      182, 
      185, 
      187, 
      189, 
      190, 
      191, 
      192, 
      193, 
      193, 
      193, 
      193, 
      193, 
      192, 
      191, 
      190, 
      189, 
      188, 
      187, 
      186, 
      185, 
      185, 
      184
    ], 
    "IOB": [
      112, 
      115, 
      117, 
      119, 
      120, 
      121, 
      122, 
      122, 
      122, 
      121, 
      120, 
      119, 
      117, 
      115, 
      113, 
      110, 
      108, 
      105, 
      103, 
      101, 
      98, 
      96, 
      94, 
      92, 
      91, 
      89, 
      87, 
      86, 
      85, 
      84, 
      83, 
      82, 
      81, 
      81, 
      80
    ]
  }, 
  "rate": 1.175, 
  "reason": "COB: 26, Dev: 33, BGI: -2.47, ISF: 75, Target: 115; Eventual BG 175 >= 115, 25m@0.950 = 0.396 > req 0.29333333333333333+0.1U. Setting temp basal of 1.2U/hr", 
  "COB": 26, 
  "eventualBG": 175, 
  "timestamp": "2016-07-16T00:22:29.604623", 
  "duration": 30, 
  "tick": "+3", 
  "IOB": 0.406
}