{
  "bg": 198, 
  "temp": "absolute", 
  "snoozeBG": 155, 
  "recieved": true, 
  "predBGs": {
    "IOB": [
      198, 
      192, 
      186, 
      181, 
      175, 
      169, 
      164, 
      158, 
      152, 
      147, 
      141, 
      135, 
      129, 
      123, 
      118, 
      112, 
      107, 
      102, 
      97, 
      92, 
      88, 
      83, 
      80, 
      76, 
      73, 
      70, 
      68, 
      65, 
      63, 
      61, 
      60, 
      58, 
      57, 
      56, 
      56, 
      55
    ]
  }, 
  "rate": 1.55, 
  "reason": "COB: undefined, Dev: 31, BGI: -4.76, ISF: 84.2, Target: 115; Eventual BG 138>=115, 28m@1.150 = 0.537 > req 0.2731591448931116+0.1U", 
  "eventualBG": 138, 
  "timestamp": "2016-06-02T01:09:14.917524", 
  "duration": 28, 
  "tick": -6
}