{
  "bg": 127, 
  "temp": "absolute", 
  "snoozeBG": 162, 
  "recieved": true, 
  "predBGs": {
    "IOB": [
      127, 
      131, 
      136, 
      140, 
      143, 
      147, 
      150, 
      152, 
      154, 
      156, 
      156, 
      156, 
      156, 
      155, 
      154, 
      152, 
      150, 
      148, 
      145, 
      143, 
      140, 
      137, 
      135, 
      132, 
      130, 
      128, 
      125, 
      123, 
      121, 
      119, 
      118, 
      116, 
      115, 
      114, 
      113, 
      112
    ]
  }, 
  "rate": 1.0, 
  "reason": "COB: 0, Dev: 18, BGI: 1.71, ISF: 103.9, Target: 131; Eventual BG 162>=131, 28m@1.360 = 0.635 > req 0.29836381135707407+0.1U", 
  "COB": 0, 
  "eventualBG": 162, 
  "timestamp": "2016-07-04T02:25:26.776664", 
  "duration": 30, 
  "tick": "+6", 
  "IOB": -0.215
}