{
  "bg": 111, 
  "temp": "absolute", 
  "snoozeBG": 134, 
  "recieved": true, 
  "predBGs": {
    "IOB": [
      111, 
      113, 
      115, 
      116, 
      118, 
      120, 
      121, 
      123, 
      124, 
      125, 
      126, 
      126, 
      127, 
      127, 
      127, 
      127, 
      126, 
      126, 
      125, 
      125, 
      124, 
      123, 
      123, 
      122, 
      121, 
      120, 
      120, 
      119, 
      118, 
      117, 
      117, 
      116, 
      116, 
      115, 
      115, 
      114
    ]
  }, 
  "rate": 0.775, 
  "reason": "COB: 0, Dev: 8, BGI: 0.44, ISF: 87, Target: 120; Eventual BG 134 >= 120, 29m@0.650 = 0.314 > req 0.16091954022988506+0.1U. Setting temp basal of 0.775U/hr", 
  "COB": 0, 
  "eventualBG": 134, 
  "timestamp": "2016-08-06T05:55:53.558189", 
  "duration": 30, 
  "tick": "+4", 
  "IOB": -0.192
}