{
  "bg": 98, 
  "temp": "absolute", 
  "snoozeBG": 95, 
  "recieved": true, 
  "predBGs": {
    "IOB": [
      98, 
      97, 
      95, 
      94, 
      94, 
      93, 
      93, 
      92, 
      92, 
      93, 
      93, 
      94, 
      95, 
      95, 
      96, 
      97, 
      98, 
      99, 
      100, 
      101, 
      101, 
      102, 
      103, 
      104, 
      104, 
      105, 
      105, 
      106, 
      106, 
      107, 
      107, 
      108, 
      108, 
      108, 
      108, 
      109
    ]
  }, 
  "rate": 0.525, 
  "reason": "COB: 0, Dev: -10, BGI: 0.08, ISF: 82, Target: 96; Eventual BG 95 < 96, 22m@-0.575 = -0.211 < req -0.02444987775061125-0.1725. Setting neutral temp basal of 0.525U/hr", 
  "COB": 0, 
  "eventualBG": 95, 
  "timestamp": "2016-12-14T03:49:37.643378", 
  "duration": 30, 
  "tick": "+2", 
  "IOB": -0.089
}