{
  "bg": 158, 
  "temp": "absolute", 
  "snoozeBG": 113, 
  "recieved": true, 
  "predBGs": {
    "IOB": [
      158, 
      158, 
      157, 
      157, 
      156, 
      154, 
      152, 
      150, 
      148, 
      145, 
      142, 
      139, 
      135, 
      132, 
      128, 
      125, 
      121, 
      118, 
      115, 
      111, 
      109, 
      106, 
      104, 
      101, 
      100, 
      98, 
      96, 
      95, 
      94, 
      93, 
      92, 
      91, 
      90, 
      90, 
      90, 
      89
    ]
  }, 
  "rate": 0.65, 
  "reason": "COB: 0, Dev: 12, BGI: -1.96, ISF: 71.4, Target: 109; Eventual BG 113>=109, 20m@0.940 = 0.313 > req 0.05602240896358543+0.1U", 
  "COB": 0, 
  "eventualBG": 113, 
  "timestamp": "2016-07-01T04:20:37.777577", 
  "duration": 30, 
  "tick": "+0", 
  "IOB": 0.793
}