{
  "bg": 126, 
  "temp": "absolute", 
  "snoozeBG": 152, 
  "recieved": true, 
  "predBGs": {
    "IOB": [
      126, 
      128, 
      130, 
      132, 
      134, 
      136, 
      138, 
      139, 
      140, 
      141, 
      142, 
      143, 
      143, 
      144, 
      144, 
      143, 
      143, 
      143, 
      142, 
      142, 
      141, 
      140, 
      140, 
      139, 
      138, 
      138, 
      137, 
      136, 
      136, 
      135, 
      135, 
      134, 
      134, 
      134, 
      133
    ]
  }, 
  "rate": 0.65, 
  "reason": "COB: 0, Dev: 8, BGI: 2.7, ISF: 112.7, Target: 137; Eventual BG 152>=137, 26m@0.540 = 0.234 > req 0.13309671694764863+0.1U", 
  "COB": 0, 
  "eventualBG": 152, 
  "timestamp": "2016-06-12T01:48:42.446427", 
  "duration": 30, 
  "tick": "+2", 
  "IOB": -0.224
}