{
  "bg": 110, 
  "temp": "absolute", 
  "snoozeBG": 136, 
  "recieved": true, 
  "predBGs": {
    "IOB": [
      110, 
      112, 
      115, 
      117, 
      120, 
      122, 
      124, 
      126, 
      128, 
      129, 
      131, 
      132, 
      133, 
      134, 
      134, 
      134, 
      134, 
      134, 
      134, 
      134, 
      133, 
      133, 
      132, 
      131, 
      131, 
      130, 
      129, 
      128, 
      128, 
      127, 
      127, 
      126, 
      126, 
      125, 
      125, 
      125, 
      124
    ]
  }, 
  "rate": 0.8, 
  "reason": "COB: 0, Dev: -1, BGI: 2.44, ISF: 92, Target: 123; Eventual BG 136 >= 123, 29m@0.525 = 0.254 > req 0.14130434782608695+0.1U. Setting temp basal of 0.8U/hr", 
  "COB": 0, 
  "eventualBG": 136, 
  "timestamp": "2016-07-20T02:00:30.928648", 
  "duration": 30, 
  "tick": "+4", 
  "IOB": -0.339
}