{
  "bg": 189, 
  "temp": "absolute", 
  "snoozeBG": 120, 
  "recieved": true, 
  "predBGs": {
    "COB": [
      189, 
      184, 
      177, 
      171, 
      164, 
      158, 
      151, 
      145, 
      138, 
      132, 
      125, 
      119, 
      113, 
      107, 
      101, 
      96, 
      91, 
      86, 
      81, 
      77, 
      73, 
      70, 
      66, 
      63, 
      61, 
      59, 
      57, 
      55, 
      53, 
      52, 
      51, 
      50, 
      50, 
      49, 
      49, 
      48
    ], 
    "aCOB": [
      189, 
      183, 
      176, 
      170, 
      163, 
      156, 
      150, 
      143, 
      137, 
      130, 
      124, 
      117, 
      111, 
      106, 
      100, 
      94, 
      89, 
      84, 
      80, 
      76, 
      72, 
      68, 
      65, 
      62, 
      59, 
      57, 
      55, 
      53, 
      52, 
      51, 
      50, 
      49, 
      48, 
      48, 
      47
    ], 
    "IOB": [
      189, 
      189, 
      189, 
      188, 
      187, 
      184, 
      182, 
      178, 
      174, 
      170, 
      164, 
      159, 
      153, 
      147, 
      141, 
      136, 
      131, 
      126, 
      121, 
      117, 
      113, 
      109, 
      106, 
      103, 
      101, 
      98, 
      96, 
      95, 
      93, 
      92, 
      91, 
      90, 
      89, 
      89, 
      88
    ]
  }, 
  "rate": 0.675, 
  "reason": "COB: 1, Dev: 45, BGI: -6.48, ISF: 74.1, Target: 111; Eventual BG 120>=111, 17m@1.165 = 0.330 > req 0.12145748987854252+0.1U", 
  "COB": 1, 
  "eventualBG": 120, 
  "timestamp": "2016-06-09T00:03:45.766659", 
  "duration": 30, 
  "tick": "+2", 
  "IOB": 1.535
}