{
  "bg": 144, 
  "temp": "absolute", 
  "snoozeBG": 150, 
  "recieved": true, 
  "predBGs": {
    "COB": [
      144, 
      151, 
      157, 
      162, 
      165, 
      168, 
      169, 
      170, 
      169, 
      167, 
      164, 
      160, 
      155, 
      149, 
      142, 
      134, 
      125, 
      117, 
      109, 
      101, 
      94, 
      88, 
      82, 
      77, 
      72, 
      67, 
      63, 
      59, 
      56, 
      53, 
      50, 
      48, 
      46, 
      44, 
      43, 
      41
    ], 
    "aCOB": [
      144, 
      148, 
      151, 
      153, 
      154, 
      155, 
      155, 
      154, 
      153, 
      151, 
      148, 
      145, 
      141, 
      137, 
      132, 
      126, 
      120, 
      114, 
      108, 
      102, 
      95, 
      90, 
      84, 
      79, 
      74, 
      69, 
      65, 
      61, 
      58, 
      55, 
      52, 
      50, 
      48, 
      46, 
      44, 
      43
    ], 
    "IOB": [
      144, 
      151, 
      156, 
      160, 
      162, 
      164, 
      163, 
      162, 
      159, 
      154, 
      149, 
      141, 
      133, 
      124, 
      115, 
      106, 
      98, 
      89, 
      81, 
      73, 
      66, 
      60, 
      54, 
      49, 
      44, 
      40, 
      39
    ]
  }, 
  "rate": 1.25, 
  "reason": "COB: 22, Dev: 83, BGI: -5.86, ISF: 80.8, Target: 80; Eventual BG 101 >= 80, 25m@2.250 = 0.938 > req 0.2599009900990099+0.1U. Setting temp basal of 1.25U/hr", 
  "COB": 22, 
  "eventualBG": 101, 
  "timestamp": "2016-07-24T21:57:26.445595", 
  "duration": 30, 
  "tick": "+8", 
  "IOB": 1.559
}