{
  "bg": 144, 
  "temp": "absolute", 
  "snoozeBG": 114, 
  "recieved": true, 
  "predBGs": {
    "IOB": [
      144, 
      142, 
      139, 
      137, 
      135, 
      133, 
      132, 
      130, 
      128, 
      127, 
      125, 
      124, 
      123, 
      121, 
      120, 
      119, 
      118, 
      117, 
      116, 
      115, 
      114, 
      113, 
      112, 
      111, 
      111, 
      110, 
      109, 
      109, 
      109, 
      108, 
      108, 
      108, 
      108, 
      108, 
      107
    ]
  }, 
  "rate": 0.5, 
  "reason": "COB: 0, Dev: 0, BGI: -2.47, ISF: 90, Target: 115; Eventual BG 114 < 115, 30m@-0.550 = -0.275 < req -0.022222222222222223-0.165", 
  "COB": 0, 
  "eventualBG": 114, 
  "timestamp": "2016-10-02T02:17:06.988251", 
  "duration": 30, 
  "tick": -1, 
  "IOB": 0.33
}