{
  "bg": 90, 
  "temp": "absolute", 
  "snoozeBG": 99, 
  "recieved": true, 
  "predBGs": {
    "IOB": [
      90, 
      89, 
      88, 
      88, 
      87, 
      87, 
      87, 
      88, 
      88, 
      89, 
      90, 
      91, 
      92, 
      93, 
      94, 
      95, 
      96, 
      97, 
      99, 
      100, 
      101, 
      102, 
      103, 
      104, 
      105, 
      105, 
      106, 
      107, 
      107, 
      108, 
      108, 
      108, 
      109
    ]
  }, 
  "rate": 0.65, 
  "reason": "COB: 0, Dev: 0, BGI: -1.04, ISF: 57.6, Target: 100; Eventual BG 99<100, 25m@-0.700 = -0.292 < req -0.034722222222222224-0.2U", 
  "COB": 0, 
  "eventualBG": 99, 
  "timestamp": "2016-07-02T07:44:53.506622", 
  "duration": 30, 
  "tick": -1, 
  "IOB": -0.153
}