{
  "bg": 95, 
  "temp": "absolute", 
  "snoozeBG": 106, 
  "recieved": true, 
  "predBGs": {
    "IOB": [
      95, 
      95, 
      95, 
      95, 
      95, 
      96, 
      96, 
      97, 
      98, 
      99, 
      100, 
      101, 
      103, 
      105, 
      107, 
      108, 
      110, 
      112, 
      114, 
      116, 
      117, 
      119, 
      120, 
      122, 
      123, 
      124, 
      125, 
      126, 
      127, 
      128, 
      129, 
      129, 
      130, 
      130, 
      131, 
      131, 
      131, 
      131, 
      131, 
      131, 
      132
    ]
  }, 
  "rate": 0.325, 
  "reason": "COB: 0, Dev: -11, BGI: 1.62, ISF: 90, Target: 110; Eventual BG 106 < 110, 30m@-0.500 = -0.250 < req -0.08888888888888889-0.15", 
  "COB": 0, 
  "eventualBG": 106, 
  "timestamp": "2016-10-30T05:46:08.484019", 
  "duration": 30, 
  "tick": "+3", 
  "IOB": -0.249
}