{
  "bg": 401, 
  "temp": "absolute", 
  "snoozeBG": 319, 
  "recieved": true, 
  "predBGs": {
    "IOB": [
      401, 
      400, 
      399, 
      397, 
      395, 
      391, 
      387, 
      383, 
      377, 
      371, 
      365, 
      358, 
      350, 
      343, 
      336, 
      329, 
      323, 
      316, 
      311, 
      305, 
      300, 
      296, 
      292, 
      288, 
      285, 
      282, 
      279, 
      277, 
      275, 
      273, 
      272, 
      270, 
      269, 
      268, 
      268, 
      267
    ]
  }, 
  "rate": 1.125, 
  "reason": "COB: 0, Dev: 49, BGI: -8.2, ISF: 80.8, Target: 116; Eventual BG 319>=116, max_iob 2, 28m@1.100 = 0.513 > req 0.3839999999999999+0.1U", 
  "COB": 0, 
  "eventualBG": 319, 
  "timestamp": "2016-06-19T04:05:05.720374", 
  "duration": 30, 
  "tick": "+0", 
  "IOB": 1.624
}