{
  "bg": 159, 
  "temp": "absolute", 
  "snoozeBG": 153, 
  "recieved": true, 
  "predBGs": {
    "COB": [
      159, 
      166, 
      171, 
      176, 
      179, 
      182, 
      183, 
      184, 
      183, 
      182, 
      180, 
      178, 
      175, 
      171, 
      166, 
      161, 
      156, 
      151, 
      146, 
      142, 
      137, 
      133, 
      129, 
      126, 
      123, 
      120, 
      118, 
      116, 
      114, 
      112, 
      111, 
      110, 
      109, 
      108, 
      108, 
      107
    ], 
    "aCOB": [
      159, 
      168, 
      175, 
      181, 
      186, 
      189, 
      191, 
      191, 
      190, 
      188, 
      184, 
      180, 
      175, 
      170, 
      165, 
      160, 
      155, 
      150, 
      145, 
      140, 
      136, 
      132, 
      128, 
      125, 
      122, 
      119, 
      116, 
      114, 
      112, 
      111, 
      110, 
      108, 
      108, 
      107, 
      106
    ], 
    "IOB": [
      159, 
      165, 
      171, 
      175, 
      178, 
      180, 
      181, 
      180, 
      179, 
      176, 
      173, 
      169, 
      165, 
      160, 
      155, 
      150, 
      144, 
      139, 
      135, 
      130, 
      125, 
      121, 
      118, 
      114, 
      111, 
      108, 
      106, 
      104, 
      102, 
      100, 
      99, 
      98, 
      97, 
      96, 
      96, 
      95
    ]
  }, 
  "rate": 1.25, 
  "reason": "COB: 14, Dev: 44, BGI: -0.29, ISF: 63.5, Target: 115; Eventual BG 124>=115, 24m@0.925 = 0.370 > req 0.14173228346456693+0.1U", 
  "eventualBG": 124, 
  "timestamp": "2016-06-02T22:55:54.569510", 
  "duration": 30, 
  "tick": "+7"
}