{
  "bg": 182, 
  "temp": "absolute", 
  "snoozeBG": 143, 
  "recieved": true, 
  "predBGs": {
    "COB": [
      182, 
      186, 
      189, 
      192, 
      194, 
      196, 
      197, 
      197, 
      197, 
      196, 
      194, 
      191, 
      187, 
      183, 
      178, 
      173, 
      167, 
      162, 
      156, 
      150, 
      145, 
      140, 
      135, 
      131, 
      127, 
      123, 
      120, 
      117, 
      114, 
      112, 
      110, 
      108, 
      107, 
      106, 
      105, 
      104
    ], 
    "aCOB": [
      182, 
      189, 
      195, 
      200, 
      203, 
      206, 
      206, 
      206, 
      203, 
      200, 
      196, 
      192, 
      187, 
      182, 
      176, 
      171, 
      165, 
      159, 
      154, 
      148, 
      143, 
      138, 
      133, 
      129, 
      125, 
      121, 
      118, 
      115, 
      112, 
      110, 
      108, 
      106, 
      105, 
      104, 
      103, 
      102
    ], 
    "IOB": [
      182, 
      185, 
      188, 
      191, 
      193, 
      194, 
      195, 
      194, 
      193, 
      191, 
      188, 
      184, 
      179, 
      174, 
      169, 
      163, 
      158, 
      152, 
      147, 
      141, 
      136, 
      131, 
      126, 
      122, 
      118, 
      114, 
      110, 
      107, 
      105, 
      102, 
      100, 
      99, 
      97, 
      96, 
      95, 
      95, 
      94
    ]
  }, 
  "rate": 1.95, 
  "reason": "COB: 10, Dev: 34, BGI: -1.74, ISF: 69.6, Target: 108; Eventual BG 143 >= 108, 27m@1.400 = 0.630 > req 0.5028735632183908+0.1U. Setting temp basal of 1.95U/hr", 
  "COB": 10, 
  "eventualBG": 143, 
  "timestamp": "2016-07-26T22:21:18.991195", 
  "duration": 30, 
  "tick": "+4", 
  "IOB": 1.046
}